Employee #,Date,Time-in,Time-out,Total Hours,
10001,09-Jan-22,8:00,17:00,8.00,
10002,09-Jan-22,8:00,17:00,8.00,
10003,09-Jan-22,8:00,17:00,8.00,
10004,09-Jan-22,8:00,17:00,8.00,
10005,09-Jan-22,8:00,17:00,8.00,
10006,09-Jan-22,8:00,17:00,8.00,
10007,09-Jan-22,8:27,17:00,7.55,
10008,09-Jan-22,8:01,17:00,8.00,
10009,09-Jan-22,8:05,17:00,8.00,
10010,09-Jan-22,8:00,17:00,8.00,
10011,09-Jan-22,8:00,17:00,8.00,
10012,09-Jan-22,8:00,17:00,8.00,
10013,09-Jan-22,8:00,17:00,8.00,
10014,09-Jan-22,8:00,17:00,8.00,
10015,09-Jan-22,8:00,17:00,8.00,
10016,09-Jan-22,8:28,17:00,7.53,
10017,09-Jan-22,8:00,17:00,8.00,
10018,09-Jan-22,8:00,17:00,8.00,
10019,09-Jan-22,8:00,17:00,8.00,
10020,09-Jan-22,8:00,17:00,8.00,
10021,09-Jan-22,8:11,17:00,7.82,
10022,09-Jan-22,8:00,17:00,8.00,
10023,09-Jan-22,8:00,17:00,8.00,
10024,09-Jan-22,8:21,17:00,7.65,
10025,09-Jan-22,8:00,17:00,8.00,
10001,09-Feb-22,8:00,17:00,8.00,
10002,09-Feb-22,8:00,17:00,8.00,
10003,09-Feb-22,8:00,17:00,8.00,
10004,09-Feb-22,8:00,17:00,8.00,
10005,09-Feb-22,8:00,17:00,8.00,
10006,09-Feb-22,8:00,17:00,8.00,
10007,09-Feb-22,8:00,17:00,8.00,
10008,09-Feb-22,8:00,17:00,8.00,
10009,09-Feb-22,8:00,17:00,8.00,
10010,09-Feb-22,8:00,17:00,8.00,
10011,09-Feb-22,8:00,17:00,8.00,
10012,09-Feb-22,8:00,17:00,8.00,
10013,09-Feb-22,8:00,17:00,8.00,
10014,09-Feb-22,8:00,17:00,8.00,
10015,09-Feb-22,8:00,17:00,8.00,
10016,09-Feb-22,8:00,17:00,8.00,
10017,09-Feb-22,8:00,17:00,8.00,
10018,09-Feb-22,8:00,17:00,8.00,
10019,09-Feb-22,8:00,17:00,8.00,
10020,09-Feb-22,8:00,17:00,8.00,
10021,09-Feb-22,8:00,17:00,8.00,
10022,09-Feb-22,8:00,17:00,8.00,
10023,09-Feb-22,8:00,17:00,8.00,
10024,09-Feb-22,8:00,17:00,8.00,
10025,09-Feb-22,8:00,17:00,8.00,
10001,09-May-22,8:00,17:00,8.00,
10002,09-May-22,8:00,17:00,8.00,
10003,09-May-22,8:00,17:00,8.00,
10004,09-May-22,8:00,17:00,8.00,
10005,09-May-22,8:15,17:00,7.75,
10006,09-May-22,8:00,17:00,8.00,
10007,09-May-22,8:00,17:00,8.00,
10008,09-May-22,8:00,17:00,8.00,
10009,09-May-22,8:00,17:00,8.00,
10010,09-May-22,8:00,17:00,8.00,
10011,09-May-22,10:30,17:00,5.50,
10012,09-May-22,8:00,17:00,8.00,
10013,09-May-22,8:00,17:00,8.00,
10014,09-May-22,8:00,17:00,8.00,
10015,09-May-22,8:00,17:00,8.00,
10016,09-May-22,8:00,17:00,8.00,
10017,09-May-22,8:00,17:00,8.00,
10018,09-May-22,8:00,17:00,8.00,
10019,09-May-22,8:00,17:00,8.00,
10020,09-May-22,8:00,17:00,8.00,
10021,09-May-22,13:00,17:00,3.00,
10022,09-May-22,8:00,17:00,8.00,
10023,09-May-22,8:00,17:00,8.00,
10024,09-May-22,8:00,17:00,8.00,
10025,09-May-22,8:00,17:00,8.00,
10001,09-Jun-22,8:00,17:00,8.00,
10002,09-Jun-22,8:00,17:00,8.00,
10003,09-Jun-22,11:30,17:00,4.50,
10004,09-Jun-22,8:00,17:00,8.00,
10005,09-Jun-22,8:00,17:00,8.00,
10006,09-Jun-22,8:00,17:00,8.00,
10007,09-Jun-22,8:00,17:00,8.00,
10008,09-Jun-22,8:10,17:00,7.83,
10009,09-Jun-22,0:00,0:00,0.00,
10010,09-Jun-22,8:00,17:00,8.00,
10011,09-Jun-22,8:00,17:00,8.00,
10012,09-Jun-22,8:00,17:00,8.00,
10013,09-Jun-22,8:00,17:00,8.00,
10014,09-Jun-22,8:00,17:00,8.00,
10015,09-Jun-22,8:00,17:00,8.00,
10016,09-Jun-22,8:00,17:00,8.00,
10017,09-Jun-22,8:05,17:00,8.00,
10018,09-Jun-22,8:00,17:00,8.00,
10019,09-Jun-22,8:00,17:00,8.00,
10020,09-Jun-22,8:00,17:00,8.00,
10021,09-Jun-22,8:00,17:00,8.00,
10022,09-Jun-22,8:00,17:00,8.00,
10023,09-Jun-22,9:00,17:00,7.00,
10024,09-Jun-22,8:00,17:00,8.00,
10025,09-Jun-22,8:00,17:00,8.00,
10001,09-Jul-22,8:00,17:00,8.00,
10002,09-Jul-22,8:00,17:00,8.00,
10003,09-Jul-22,8:00,17:00,8.00,
10004,09-Jul-22,8:00,17:00,8.00,
10005,09-Jul-22,8:00,17:00,8.00,
10006,09-Jul-22,8:00,17:00,8.00,
10007,09-Jul-22,8:00,17:00,8.00,
10008,09-Jul-22,8:00,17:00,8.00,
10009,09-Jul-22,0:00,0:00,0.00,
10010,09-Jul-22,8:00,17:00,8.00,
10011,09-Jul-22,8:00,17:00,8.00,
10012,09-Jul-22,8:00,17:00,8.00,
10013,09-Jul-22,8:00,17:00,8.00,
10014,09-Jul-22,8:00,17:00,8.00,
10015,09-Jul-22,8:00,17:00,8.00,
10016,09-Jul-22,8:00,17:00,8.00,
10017,09-Jul-22,8:00,17:00,8.00,
10018,09-Jul-22,8:00,17:00,8.00,
10019,09-Jul-22,8:00,17:00,8.00,
10020,09-Jul-22,8:00,17:00,8.00,
10021,09-Jul-22,8:00,17:00,8.00,
10022,09-Jul-22,8:00,17:00,8.00,
10023,09-Jul-22,8:00,17:00,8.00,
10024,09-Jul-22,8:00,17:00,8.00,
10025,09-Jul-22,8:00,17:00,8.00,
10001,09-Aug-22,8:00,17:00,8.00,
10002,09-Aug-22,8:00,17:00,8.00,
10003,09-Aug-22,8:00,17:00,8.00,
10004,09-Aug-22,8:00,17:00,8.00,
10005,09-Aug-22,8:00,17:00,8.00,
10006,09-Aug-22,8:00,17:00,8.00,
10007,09-Aug-22,8:00,17:00,8.00,
10008,09-Aug-22,8:00,17:00,8.00,
10009,09-Aug-22,0:00,0:00,0.00,
10010,09-Aug-22,8:00,17:00,8.00,
10011,09-Aug-22,8:00,17:00,8.00,
10012,09-Aug-22,8:00,17:00,8.00,
10013,09-Aug-22,10:00,17:00,6.00,
10014,09-Aug-22,10:00,17:00,6.00,
10015,09-Aug-22,10:00,17:00,6.00,
10016,09-Aug-22,10:00,17:00,6.00,
10017,09-Aug-22,10:00,17:00,6.00,
10018,09-Aug-22,10:00,17:00,6.00,
10019,09-Aug-22,10:00,17:00,6.00,
10020,09-Aug-22,10:00,17:00,6.00,
10021,09-Aug-22,10:00,17:00,6.00,
10022,09-Aug-22,10:00,17:00,6.00,
10023,09-Aug-22,10:00,17:00,6.00,
10024,09-Aug-22,10:00,17:00,6.00,
10025,09-Aug-22,10:00,17:00,6.00,
10001,09-Sep-22,8:00,17:00,8.00,
10002,09-Sep-22,8:00,17:00,8.00,
10003,09-Sep-22,8:00,17:00,8.00,
10004,09-Sep-22,8:00,17:00,8.00,
10005,09-Sep-22,8:00,17:00,8.00,
10006,09-Sep-22,8:00,17:00,8.00,
10007,09-Sep-22,8:00,17:00,8.00,
10008,09-Sep-22,8:00,17:00,8.00,
10009,09-Sep-22,0:00,0:00,0.00,
10010,09-Sep-22,8:00,17:00,8.00,
10011,09-Sep-22,8:00,17:00,8.00,
10012,09-Sep-22,8:00,17:00,8.00,
10013,09-Sep-22,8:00,17:00,8.00,
10014,09-Sep-22,8:00,17:00,8.00,
10015,09-Sep-22,8:00,17:00,8.00,
10016,09-Sep-22,8:00,17:00,8.00,
10017,09-Sep-22,8:00,17:00,8.00,
10018,09-Sep-22,8:00,17:00,8.00,
10019,09-Sep-22,8:00,17:00,8.00,
10020,09-Sep-22,8:00,17:00,8.00,
10021,09-Sep-22,8:00,17:00,8.00,
10022,09-Sep-22,8:00,17:00,8.00,
10023,09-Sep-22,8:00,17:00,8.00,
10024,09-Sep-22,8:00,17:00,8.00,
10025,09-Sep-22,8:00,17:00,8.00,
10001,09-Dec-22,8:00,17:00,8.00,
10002,09-Dec-22,8:00,17:00,8.00,
10003,09-Dec-22,8:00,17:00,8.00,
10004,09-Dec-22,8:00,17:00,8.00,
10005,09-Dec-22,8:00,17:00,8.00,
10006,09-Dec-22,8:00,17:00,8.00,
10007,09-Dec-22,8:27,17:00,7.55,
10008,09-Dec-22,8:01,17:00,8.00,
10009,09-Dec-22,0:00,0:00,0.00,
10010,09-Dec-22,8:00,17:00,8.00,
10011,09-Dec-22,8:00,17:00,8.00,
10012,09-Dec-22,8:00,17:00,8.00,
10013,09-Dec-22,8:00,17:00,8.00,
10014,09-Dec-22,8:00,17:00,8.00,
10015,09-Dec-22,8:00,17:00,8.00,
10016,09-Dec-22,8:28,17:00,7.53,
10017,09-Dec-22,8:00,17:00,8.00,
10018,09-Dec-22,8:00,17:00,8.00,
10019,09-Dec-22,8:00,17:00,8.00,
10020,09-Dec-22,8:00,17:00,8.00,
10021,09-Dec-22,8:11,17:00,7.82,
10022,09-Dec-22,8:00,17:00,8.00,
10023,09-Dec-22,8:00,17:00,8.00,
10024,09-Dec-22,8:21,17:00,7.65,
10025,09-Dec-22,8:00,17:00,8.00,
10001,13-Sep-22,8:00,17:00,8.00,
10002,13-Sep-22,8:00,17:00,8.00,
10003,13-Sep-22,8:00,17:00,8.00,
10004,13-Sep-22,8:00,17:00,8.00,
10005,13-Sep-22,8:00,17:00,8.00,
10006,13-Sep-22,8:00,17:00,8.00,
10007,13-Sep-22,8:00,17:00,8.00,
10008,13-Sep-22,8:00,17:00,8.00,
10009,13-Sep-22,8:00,17:00,8.00,
10010,13-Sep-22,8:00,17:00,8.00,
10011,13-Sep-22,8:00,17:00,8.00,
10012,13-Sep-22,8:00,17:00,8.00,
10013,13-Sep-22,8:00,17:00,8.00,
10014,13-Sep-22,8:00,17:00,8.00,
10015,13-Sep-22,8:00,17:00,8.00,
10016,13-Sep-22,8:00,17:00,8.00,
10017,13-Sep-22,0:00,0:00,0.00,
10018,13-Sep-22,8:00,17:00,8.00,
10019,13-Sep-22,8:00,17:00,8.00,
10020,13-Sep-22,8:00,17:00,8.00,
10021,13-Sep-22,8:00,17:00,8.00,
10022,13-Sep-22,8:00,17:00,8.00,
10023,13-Sep-22,8:00,17:00,8.00,
10024,13-Sep-22,8:00,17:00,8.00,
10025,13-Sep-22,8:00,17:00,8.00,
10001,14-Sep-22,8:00,17:00,8.00,
10002,14-Sep-22,8:00,17:00,8.00,
10003,14-Sep-22,8:00,17:00,8.00,
10004,14-Sep-22,8:00,17:00,8.00,
10005,14-Sep-22,8:15,17:00,7.75,
10006,14-Sep-22,8:00,17:00,8.00,
10007,14-Sep-22,8:00,17:00,8.00,
10008,14-Sep-22,8:00,17:00,8.00,
10009,14-Sep-22,8:00,17:00,8.00,
10010,14-Sep-22,8:00,17:00,8.00,
10011,14-Sep-22,10:30,17:00,5.50,
10012,14-Sep-22,8:00,17:00,8.00,
10013,14-Sep-22,8:00,17:00,8.00,
10014,14-Sep-22,8:00,17:00,8.00,
10015,14-Sep-22,8:00,17:00,8.00,
10016,14-Sep-22,8:00,17:00,8.00,
10017,14-Sep-22,8:00,17:00,8.00,
10018,14-Sep-22,8:00,17:00,8.00,
10019,14-Sep-22,8:00,17:00,8.00,
10020,14-Sep-22,8:00,17:00,8.00,
10021,14-Sep-22,13:00,17:00,3.00,
10022,14-Sep-22,8:00,17:00,8.00,
10023,14-Sep-22,8:00,17:00,8.00,
10024,14-Sep-22,8:00,17:00,8.00,
10025,14-Sep-22,8:00,17:00,8.00,
10001,15-Sep-22,8:00,17:00,8.00,
10002,15-Sep-22,8:00,17:00,8.00,
10003,15-Sep-22,11:30,17:00,4.50,
10004,15-Sep-22,8:00,17:00,8.00,
10005,15-Sep-22,8:00,17:00,8.00,
10006,15-Sep-22,8:00,17:00,8.00,
10007,15-Sep-22,8:00,17:00,8.00,
10008,15-Sep-22,8:10,17:00,7.83,
10009,15-Sep-22,8:00,17:00,8.00,
10010,15-Sep-22,8:00,17:00,8.00,
10011,15-Sep-22,8:00,17:00,8.00,
10012,15-Sep-22,8:00,17:00,8.00,
10013,15-Sep-22,8:00,17:00,8.00,
10014,15-Sep-22,8:00,17:00,8.00,
10015,15-Sep-22,8:00,17:00,8.00,
10016,15-Sep-22,8:00,17:00,8.00,
10017,15-Sep-22,8:05,17:00,8.00,
10018,15-Sep-22,8:00,17:00,8.00,
10019,15-Sep-22,8:00,17:00,8.00,
10020,15-Sep-22,8:00,17:00,8.00,
10021,15-Sep-22,8:00,17:00,8.00,
10022,15-Sep-22,8:00,17:00,8.00,
10023,15-Sep-22,9:00,17:00,7.00,
10024,15-Sep-22,0:00,0:00,0.00,
10025,15-Sep-22,8:00,17:00,8.00,
10001,16-Sep-22,8:00,17:00,8.00,
10002,16-Sep-22,8:00,17:00,8.00,
10003,16-Sep-22,8:00,17:00,8.00,
10004,16-Sep-22,8:00,17:00,8.00,
10005,16-Sep-22,8:00,17:00,8.00,
10006,16-Sep-22,8:00,17:00,8.00,
10007,16-Sep-22,8:00,17:00,8.00,
10008,16-Sep-22,8:00,17:00,8.00,
10009,16-Sep-22,8:00,17:00,8.00,
10010,16-Sep-22,8:00,17:00,8.00,
10011,16-Sep-22,8:00,17:00,8.00,
10012,16-Sep-22,8:00,17:00,8.00,
10013,16-Sep-22,8:00,17:00,8.00,
10014,16-Sep-22,8:00,17:00,8.00,
10015,16-Sep-22,8:00,17:00,8.00,
10016,16-Sep-22,8:00,17:00,8.00,
10017,16-Sep-22,8:00,17:00,8.00,
10018,16-Sep-22,8:00,17:00,8.00,
10019,16-Sep-22,8:00,17:00,8.00,
10020,16-Sep-22,8:00,17:00,8.00,
10021,16-Sep-22,8:00,17:00,8.00,
10022,16-Sep-22,8:00,17:00,8.00,
10023,16-Sep-22,8:00,17:00,8.00,
10024,16-Sep-22,8:00,17:00,8.00,
10025,16-Sep-22,8:00,17:00,8.00,
10001,19-Sep-22,8:00,17:00,8.00,
10002,19-Sep-22,8:00,17:00,8.00,
10003,19-Sep-22,8:00,17:00,8.00,
10004,19-Sep-22,8:00,17:00,8.00,
10005,19-Sep-22,8:00,17:00,8.00,
10006,19-Sep-22,8:00,17:00,8.00,
10007,19-Sep-22,8:00,17:00,8.00,
10008,19-Sep-22,8:00,17:00,8.00,
10009,19-Sep-22,8:00,17:00,8.00,
10010,19-Sep-22,8:00,17:00,8.00,
10011,19-Sep-22,8:00,17:00,8.00,
10012,19-Sep-22,8:00,17:00,8.00,
10013,19-Sep-22,10:00,17:00,6.00,
10014,19-Sep-22,10:00,17:00,6.00,
10015,19-Sep-22,10:00,17:00,6.00,
10016,19-Sep-22,10:00,17:00,6.00,
10017,19-Sep-22,0:00,0:00,0.00,
10018,19-Sep-22,10:00,17:00,6.00,
10019,19-Sep-22,10:00,17:00,6.00,
10020,19-Sep-22,10:00,17:00,6.00,
10021,19-Sep-22,10:00,17:00,6.00,
10022,19-Sep-22,10:00,17:00,6.00,
10023,19-Sep-22,10:00,17:00,6.00,
10024,19-Sep-22,10:00,17:00,6.00,
10025,19-Sep-22,10:00,17:00,6.00,
10001,20-Sep-22,8:00,17:00,8.00,
10002,20-Sep-22,8:00,17:00,8.00,
10003,20-Sep-22,8:00,17:00,8.00,
10004,20-Sep-22,8:00,17:00,8.00,
10005,20-Sep-22,8:00,17:00,8.00,
10006,20-Sep-22,8:00,17:00,8.00,
10007,20-Sep-22,8:00,17:00,8.00,
10008,20-Sep-22,8:00,17:00,8.00,
10009,20-Sep-22,8:00,17:00,8.00,
10010,20-Sep-22,8:00,17:00,8.00,
10011,20-Sep-22,8:00,17:00,8.00,
10012,20-Sep-22,8:00,17:00,8.00,
10013,20-Sep-22,8:00,17:00,8.00,
10014,20-Sep-22,8:00,17:00,8.00,
10015,20-Sep-22,8:00,17:00,8.00,
10016,20-Sep-22,8:00,17:00,8.00,
10017,20-Sep-22,8:00,17:00,8.00,
10018,20-Sep-22,0:00,0:00,0.00,
10019,20-Sep-22,8:00,17:00,8.00,
10020,20-Sep-22,8:00,17:00,8.00,
10021,20-Sep-22,8:00,17:00,8.00,
10022,20-Sep-22,8:00,17:00,8.00,
10023,20-Sep-22,8:00,17:00,8.00,
10024,20-Sep-22,8:00,17:00,8.00,
10025,20-Sep-22,8:00,17:00,8.00,
10001,21-Sep-22,8:00,17:00,8.00,
10002,21-Sep-22,8:00,17:00,8.00,
10003,21-Sep-22,8:00,17:00,8.00,
10004,21-Sep-22,8:00,17:00,8.00,
10005,21-Sep-22,8:00,17:00,8.00,
10006,21-Sep-22,8:00,17:00,8.00,
10007,21-Sep-22,8:27,17:00,7.55,
10008,21-Sep-22,8:01,17:00,8.00,
10009,21-Sep-22,8:05,17:00,8.00,
10010,21-Sep-22,8:00,17:00,8.00,
10011,21-Sep-22,8:00,17:00,8.00,
10012,21-Sep-22,8:00,17:00,8.00,
10013,21-Sep-22,8:00,17:00,8.00,
10014,21-Sep-22,8:00,17:00,8.00,
10015,21-Sep-22,8:00,17:00,8.00,
10016,21-Sep-22,8:28,17:00,7.53,
10017,21-Sep-22,8:00,17:00,8.00,
10018,21-Sep-22,0:00,0:00,0.00,
10019,21-Sep-22,8:00,17:00,8.00,
10020,21-Sep-22,8:00,17:00,8.00,
10021,21-Sep-22,8:11,17:00,7.82,
10022,21-Sep-22,8:00,17:00,8.00,
10023,21-Sep-22,8:00,17:00,8.00,
10024,21-Sep-22,8:21,17:00,7.65,
10025,21-Sep-22,8:00,17:00,8.00,
10001,22-Sep-22,8:00,17:00,8.00,
10002,22-Sep-22,8:00,17:00,8.00,
10003,22-Sep-22,8:00,17:00,8.00,
10004,22-Sep-22,8:00,17:00,8.00,
10005,22-Sep-22,8:00,17:00,8.00,
10006,22-Sep-22,8:00,17:00,8.00,
10007,22-Sep-22,8:00,17:00,8.00,
10008,22-Sep-22,8:00,17:00,8.00,
10009,22-Sep-22,8:00,17:00,8.00,
10010,22-Sep-22,8:00,17:00,8.00,
10011,22-Sep-22,8:00,17:00,8.00,
10012,22-Sep-22,8:00,17:00,8.00,
10013,22-Sep-22,8:00,17:00,8.00,
10014,22-Sep-22,8:00,17:00,8.00,
10015,22-Sep-22,8:00,17:00,8.00,
10016,22-Sep-22,8:00,17:00,8.00,
10017,22-Sep-22,8:00,17:00,8.00,
10018,22-Sep-22,8:00,17:00,8.00,
10019,22-Sep-22,8:00,17:00,8.00,
10020,22-Sep-22,8:00,17:00,8.00,
10021,22-Sep-22,8:00,17:00,8.00,
10022,22-Sep-22,8:00,17:00,8.00,
10023,22-Sep-22,8:00,17:00,8.00,
10024,22-Sep-22,8:00,17:00,8.00,
10025,22-Sep-22,8:00,17:00,8.00,
10001,23-Sep-22,8:00,17:00,8.00,
10002,23-Sep-22,8:00,17:00,8.00,
10003,23-Sep-22,8:00,17:00,8.00,
10004,23-Sep-22,8:00,17:00,8.00,
10005,23-Sep-22,8:15,17:00,7.75,
10006,23-Sep-22,8:00,17:00,8.00,
10007,23-Sep-22,8:00,17:00,8.00,
10008,23-Sep-22,8:00,17:00,8.00,
10009,23-Sep-22,8:00,17:00,8.00,
10010,23-Sep-22,8:00,17:00,8.00,
10011,23-Sep-22,10:30,17:00,5.50,
10012,23-Sep-22,8:00,17:00,8.00,
10013,23-Sep-22,8:00,17:00,8.00,
10014,23-Sep-22,8:00,17:00,8.00,
10015,23-Sep-22,8:00,17:00,8.00,
10016,23-Sep-22,8:00,17:00,8.00,
10017,23-Sep-22,8:00,17:00,8.00,
10018,23-Sep-22,8:00,17:00,8.00,
10019,23-Sep-22,8:00,17:00,8.00,
10020,23-Sep-22,8:00,17:00,8.00,
10021,23-Sep-22,13:00,17:00,3.00,
10022,23-Sep-22,8:00,17:00,8.00,
10023,23-Sep-22,8:00,17:00,8.00,
10024,23-Sep-22,8:00,17:00,8.00,
10025,23-Sep-22,8:00,17:00,8.00,
10001,26-Sep-22,8:00,17:00,8.00,
10002,26-Sep-22,8:00,17:00,8.00,
10003,26-Sep-22,11:30,17:00,4.50,
10004,26-Sep-22,8:00,17:00,8.00,
10005,26-Sep-22,8:00,17:00,8.00,
10006,26-Sep-22,8:00,17:00,8.00,
10007,26-Sep-22,8:00,17:00,8.00,
10008,26-Sep-22,8:10,17:00,7.83,
10009,26-Sep-22,8:00,17:00,8.00,
10010,26-Sep-22,8:00,17:00,8.00,
10011,26-Sep-22,8:00,17:00,8.00,
10012,26-Sep-22,8:00,17:00,8.00,
10013,26-Sep-22,8:00,17:00,8.00,
10014,26-Sep-22,8:00,17:00,8.00,
10015,26-Sep-22,8:00,17:00,8.00,
10016,26-Sep-22,8:00,17:00,8.00,
10017,26-Sep-22,8:05,17:00,8.00,
10018,26-Sep-22,8:00,17:00,8.00,
10019,26-Sep-22,8:00,17:00,8.00,
10020,26-Sep-22,8:00,17:00,8.00,
10021,26-Sep-22,8:00,17:00,8.00,
10022,26-Sep-22,8:00,17:00,8.00,
10023,26-Sep-22,9:00,17:00,7.00,
10024,26-Sep-22,8:00,17:00,8.00,
10025,26-Sep-22,8:00,17:00,8.00,
10001,27-Sep-22,8:00,17:00,8.00,
10002,27-Sep-22,8:00,17:00,8.00,
10003,27-Sep-22,8:00,17:00,8.00,
10004,27-Sep-22,8:00,17:00,8.00,
10005,27-Sep-22,8:00,17:00,8.00,
10006,27-Sep-22,8:00,17:00,8.00,
10007,27-Sep-22,8:00,17:00,8.00,
10008,27-Sep-22,8:00,17:00,8.00,
10009,27-Sep-22,8:00,17:00,8.00,
10010,27-Sep-22,8:00,17:00,8.00,
10011,27-Sep-22,8:00,17:00,8.00,
10012,27-Sep-22,8:00,17:00,8.00,
10013,27-Sep-22,8:00,17:00,8.00,
10014,27-Sep-22,8:00,17:00,8.00,
10015,27-Sep-22,8:00,17:00,8.00,
10016,27-Sep-22,8:00,17:00,8.00,
10017,27-Sep-22,0:00,0:00,0.00,
10018,27-Sep-22,8:00,17:00,8.00,
10019,27-Sep-22,8:00,17:00,8.00,
10020,27-Sep-22,8:00,17:00,8.00,
10021,27-Sep-22,8:00,17:00,8.00,
10022,27-Sep-22,8:00,17:00,8.00,
10023,27-Sep-22,8:00,17:00,8.00,
10024,27-Sep-22,8:00,17:00,8.00,
10025,27-Sep-22,8:00,17:00,8.00,
10001,28-Sep-22,8:00,17:00,8.00,
10002,28-Sep-22,8:00,17:00,8.00,
10003,28-Sep-22,8:00,17:00,8.00,
10004,28-Sep-22,8:00,17:00,8.00,
10005,28-Sep-22,8:00,17:00,8.00,
10006,28-Sep-22,8:00,17:00,8.00,
10007,28-Sep-22,8:00,17:00,8.00,
10008,28-Sep-22,8:00,17:00,8.00,
10009,28-Sep-22,8:00,17:00,8.00,
10010,28-Sep-22,8:00,17:00,8.00,
10011,28-Sep-22,8:00,17:00,8.00,
10012,28-Sep-22,8:00,17:00,8.00,
10013,28-Sep-22,10:00,17:00,6.00,
10014,28-Sep-22,10:00,17:00,6.00,
10015,28-Sep-22,10:00,17:00,6.00,
10016,28-Sep-22,10:00,17:00,6.00,
10017,28-Sep-22,10:00,17:00,6.00,
10018,28-Sep-22,10:00,17:00,6.00,
10019,28-Sep-22,10:00,17:00,6.00,
10020,28-Sep-22,10:00,17:00,6.00,
10021,28-Sep-22,10:00,17:00,6.00,
10022,28-Sep-22,10:00,17:00,6.00,
10023,28-Sep-22,10:00,17:00,6.00,
10024,28-Sep-22,10:00,17:00,6.00,
10025,28-Sep-22,10:00,17:00,6.00,
10001,29-Sep-22,8:00,17:00,8.00,
10002,29-Sep-22,8:00,17:00,8.00,
10003,29-Sep-22,8:00,17:00,8.00,
10004,29-Sep-22,8:00,17:00,8.00,
10005,29-Sep-22,8:00,17:00,8.00,
10006,29-Sep-22,8:00,17:00,8.00,
10007,29-Sep-22,8:00,17:00,8.00,
10008,29-Sep-22,8:00,17:00,8.00,
10009,29-Sep-22,8:00,17:00,8.00,
10010,29-Sep-22,8:00,17:00,8.00,
10011,29-Sep-22,8:00,17:00,8.00,
10012,29-Sep-22,8:00,17:00,8.00,
10013,29-Sep-22,8:00,17:00,8.00,
10014,29-Sep-22,8:00,17:00,8.00,
10015,29-Sep-22,8:00,17:00,8.00,
10016,29-Sep-22,8:00,17:00,8.00,
10017,29-Sep-22,8:00,17:00,8.00,
10018,29-Sep-22,8:00,17:00,8.00,
10019,29-Sep-22,8:00,17:00,8.00,
10020,29-Sep-22,8:00,17:00,8.00,
10021,29-Sep-22,8:00,17:00,8.00,
10022,29-Sep-22,8:00,17:00,8.00,
10023,29-Sep-22,8:00,17:00,8.00,
10024,29-Sep-22,8:00,17:00,8.00,
10025,29-Sep-22,8:00,17:00,8.00,
10001,30-Sep-22,8:00,17:00,8.00,
10002,30-Sep-22,8:00,17:00,8.00,
10003,30-Sep-22,8:00,17:00,8.00,
10004,30-Sep-22,8:00,17:00,8.00,
10005,30-Sep-22,8:00,17:00,8.00,
10006,30-Sep-22,8:00,17:00,8.00,
10007,30-Sep-22,8:27,17:00,7.55,
10008,30-Sep-22,8:01,17:00,8.00,
10009,30-Sep-22,8:05,17:00,8.00,
10010,30-Sep-22,8:00,17:00,8.00,
10011,30-Sep-22,8:00,17:00,8.00,
10012,30-Sep-22,8:00,17:00,8.00,
10013,30-Sep-22,8:00,17:00,8.00,
10014,30-Sep-22,8:00,17:00,8.00,
10015,30-Sep-22,8:00,17:00,8.00,
10016,30-Sep-22,8:28,17:00,7.53,
10017,30-Sep-22,8:00,17:00,8.00,
10018,30-Sep-22,8:00,17:00,8.00,
10019,30-Sep-22,8:00,17:00,8.00,
10020,30-Sep-22,8:00,17:00,8.00,
10021,30-Sep-22,8:11,17:00,7.82,
10022,30-Sep-22,8:00,17:00,8.00,
10023,30-Sep-22,8:00,17:00,8.00,
10024,30-Sep-22,8:21,17:00,7.65,
10025,30-Sep-22,8:00,17:00,8.00,
10001,10-Mar-22,8:00,17:00,8.00,
10002,10-Mar-22,8:00,17:00,8.00,
10003,10-Mar-22,8:00,17:00,8.00,
10004,10-Mar-22,8:00,17:00,8.00,
10005,10-Mar-22,8:00,17:00,8.00,
10006,10-Mar-22,8:00,17:00,8.00,
10007,10-Mar-22,8:00,17:00,8.00,
10008,10-Mar-22,8:00,17:00,8.00,
10009,10-Mar-22,8:00,17:00,8.00,
10010,10-Mar-22,8:00,17:00,8.00,
10011,10-Mar-22,8:00,17:00,8.00,
10012,10-Mar-22,8:00,17:00,8.00,
10013,10-Mar-22,8:00,17:00,8.00,
10014,10-Mar-22,8:00,17:00,8.00,
10015,10-Mar-22,8:00,17:00,8.00,
10016,10-Mar-22,8:00,17:00,8.00,
10017,10-Mar-22,8:00,17:00,8.00,
10018,10-Mar-22,8:00,17:00,8.00,
10019,10-Mar-22,8:00,17:00,8.00,
10020,10-Mar-22,8:00,17:00,8.00,
10021,10-Mar-22,8:00,17:00,8.00,
10022,10-Mar-22,8:00,17:00,8.00,
10023,10-Mar-22,8:00,17:00,8.00,
10024,10-Mar-22,8:00,17:00,8.00,
10025,10-Mar-22,8:00,17:00,8.00,
10001,10-Apr-22,8:00,17:00,8.00,
10002,10-Apr-22,8:00,17:00,8.00,
10003,10-Apr-22,8:00,17:00,8.00,
10004,10-Apr-22,8:00,17:00,8.00,
10005,10-Apr-22,8:15,17:00,7.75,
10006,10-Apr-22,8:00,17:00,8.00,
10007,10-Apr-22,8:00,17:00,8.00,
10008,10-Apr-22,8:00,17:00,8.00,
10009,10-Apr-22,8:00,17:00,8.00,
10010,10-Apr-22,8:00,17:00,8.00,
10011,10-Apr-22,10:30,17:00,5.50,
10012,10-Apr-22,8:00,17:00,8.00,
10013,10-Apr-22,8:00,17:00,8.00,
10014,10-Apr-22,8:00,17:00,8.00,
10015,10-Apr-22,8:00,17:00,8.00,
10016,10-Apr-22,8:00,17:00,8.00,
10017,10-Apr-22,8:00,17:00,8.00,
10018,10-Apr-22,8:00,17:00,8.00,
10019,10-Apr-22,8:00,17:00,8.00,
10020,10-Apr-22,8:00,17:00,8.00,
10021,10-Apr-22,13:00,17:00,3.00,
10022,10-Apr-22,8:00,17:00,8.00,
10023,10-Apr-22,8:00,17:00,8.00,
10024,10-Apr-22,8:00,17:00,8.00,
10025,10-Apr-22,8:00,17:00,8.00,
10001,10-May-22,8:00,17:00,8.00,
10002,10-May-22,8:00,17:00,8.00,
10003,10-May-22,11:30,17:00,4.50,
10004,10-May-22,8:00,17:00,8.00,
10005,10-May-22,8:00,17:00,8.00,
10006,10-May-22,8:00,17:00,8.00,
10007,10-May-22,8:00,17:00,8.00,
10008,10-May-22,8:10,17:00,7.83,
10009,10-May-22,0:00,0:00,0.00,
10010,10-May-22,8:00,17:00,8.00,
10011,10-May-22,8:00,17:00,8.00,
10012,10-May-22,8:00,17:00,8.00,
10013,10-May-22,8:00,17:00,8.00,
10014,10-May-22,8:00,17:00,8.00,
10015,10-May-22,8:00,17:00,8.00,
10016,10-May-22,8:00,17:00,8.00,
10017,10-May-22,8:05,17:00,8.00,
10018,10-May-22,8:00,17:00,8.00,
10019,10-May-22,8:00,17:00,8.00,
10020,10-May-22,8:00,17:00,8.00,
10021,10-May-22,8:00,17:00,8.00,
10022,10-May-22,8:00,17:00,8.00,
10023,10-May-22,9:00,17:00,7.00,
10024,10-May-22,8:00,17:00,8.00,
10025,10-May-22,8:00,17:00,8.00,
10001,10-Jun-22,8:00,17:00,8.00,
10002,10-Jun-22,8:00,17:00,8.00,
10003,10-Jun-22,8:00,17:00,8.00,
10004,10-Jun-22,8:00,17:00,8.00,
10005,10-Jun-22,8:00,17:00,8.00,
10006,10-Jun-22,8:00,17:00,8.00,
10007,10-Jun-22,8:00,17:00,8.00,
10008,10-Jun-22,8:00,17:00,8.00,
10009,10-Jun-22,8:00,17:00,8.00,
10010,10-Jun-22,8:00,17:00,8.00,
10011,10-Jun-22,8:00,17:00,8.00,
10012,10-Jun-22,8:00,17:00,8.00,
10013,10-Jun-22,8:00,17:00,8.00,
10014,10-Jun-22,8:00,17:00,8.00,
10015,10-Jun-22,8:00,17:00,8.00,
10016,10-Jun-22,8:00,17:00,8.00,
10017,10-Jun-22,8:00,17:00,8.00,
10018,10-Jun-22,8:00,17:00,8.00,
10019,10-Jun-22,8:00,17:00,8.00,
10020,10-Jun-22,8:00,17:00,8.00,
10021,10-Jun-22,8:00,17:00,8.00,
10022,10-Jun-22,8:00,17:00,8.00,
10023,10-Jun-22,8:00,17:00,8.00,
10024,10-Jun-22,8:00,17:00,8.00,
10025,10-Jun-22,8:00,17:00,8.00,
10001,10-Jul-22,8:00,17:00,8.00,
10002,10-Jul-22,8:00,17:00,8.00,
10003,10-Jul-22,8:00,17:00,8.00,
10004,10-Jul-22,8:00,17:00,8.00,
10005,10-Jul-22,8:00,17:00,8.00,
10006,10-Jul-22,8:00,17:00,8.00,
10007,10-Jul-22,8:00,17:00,8.00,
10008,10-Jul-22,8:00,17:00,8.00,
10009,10-Jul-22,8:00,17:00,8.00,
10010,10-Jul-22,8:00,17:00,8.00,
10011,10-Jul-22,8:00,17:00,8.00,
10012,10-Jul-22,8:00,17:00,8.00,
10013,10-Jul-22,10:00,17:00,6.00,
10014,10-Jul-22,0:00,0:00,0.00,
10015,10-Jul-22,10:00,17:00,6.00,
10016,10-Jul-22,10:00,17:00,6.00,
10017,10-Jul-22,10:00,17:00,6.00,
10018,10-Jul-22,10:00,17:00,6.00,
10019,10-Jul-22,10:00,17:00,6.00,
10020,10-Jul-22,10:00,17:00,6.00,
10021,10-Jul-22,10:00,17:00,6.00,
10022,10-Jul-22,10:00,17:00,6.00,
10023,10-Jul-22,10:00,17:00,6.00,
10024,10-Jul-22,10:00,17:00,6.00,
10025,10-Jul-22,10:00,17:00,6.00,
10001,10-Oct-22,8:00,17:00,8.00,
10002,10-Oct-22,8:00,17:00,8.00,
10003,10-Oct-22,8:00,17:00,8.00,
10004,10-Oct-22,8:00,17:00,8.00,
10005,10-Oct-22,8:00,17:00,8.00,
10006,10-Oct-22,8:00,17:00,8.00,
10007,10-Oct-22,8:00,17:00,8.00,
10008,10-Oct-22,8:00,17:00,8.00,
10009,10-Oct-22,8:00,17:00,8.00,
10010,10-Oct-22,8:00,17:00,8.00,
10011,10-Oct-22,8:00,17:00,8.00,
10012,10-Oct-22,8:00,17:00,8.00,
10013,10-Oct-22,8:00,17:00,8.00,
10014,10-Oct-22,8:00,17:00,8.00,
10015,10-Oct-22,8:00,17:00,8.00,
10016,10-Oct-22,8:00,17:00,8.00,
10017,10-Oct-22,8:00,17:00,8.00,
10018,10-Oct-22,8:00,17:00,8.00,
10019,10-Oct-22,8:00,17:00,8.00,
10020,10-Oct-22,8:00,17:00,8.00,
10021,10-Oct-22,8:00,17:00,8.00,
10022,10-Oct-22,8:00,17:00,8.00,
10023,10-Oct-22,8:00,17:00,8.00,
10024,10-Oct-22,8:00,17:00,8.00,
10025,10-Oct-22,8:00,17:00,8.00,
10001,10-Nov-22,8:00,17:00,8.00,
10002,10-Nov-22,8:00,17:00,8.00,
10003,10-Nov-22,8:00,17:00,8.00,
10004,10-Nov-22,8:00,17:00,8.00,
10005,10-Nov-22,8:00,17:00,8.00,
10006,10-Nov-22,8:00,17:00,8.00,
10007,10-Nov-22,8:27,17:00,7.55,
10008,10-Nov-22,8:01,17:00,8.00,
10009,10-Nov-22,8:05,17:00,8.00,
10010,10-Nov-22,0:00,0:00,0.00,
10011,10-Nov-22,8:00,17:00,8.00,
10012,10-Nov-22,8:00,17:00,8.00,
10013,10-Nov-22,8:00,17:00,8.00,
10014,10-Nov-22,8:00,17:00,8.00,
10015,10-Nov-22,8:00,17:00,8.00,
10016,10-Nov-22,8:28,17:00,7.53,
10017,10-Nov-22,8:00,17:00,8.00,
10018,10-Nov-22,8:00,17:00,8.00,
10019,10-Nov-22,8:00,17:00,8.00,
10020,10-Nov-22,8:00,17:00,8.00,
10021,10-Nov-22,8:11,17:00,7.82,
10022,10-Nov-22,8:00,17:00,8.00,
10023,10-Nov-22,8:00,17:00,8.00,
10024,10-Nov-22,8:21,17:00,7.65,
10025,10-Nov-22,8:00,17:00,8.00,
10001,10-Dec-22,8:00,17:00,8.00,
10002,10-Dec-22,8:00,17:00,8.00,
10003,10-Dec-22,8:00,17:00,8.00,
10004,10-Dec-22,8:00,17:00,8.00,
10005,10-Dec-22,8:00,17:00,8.00,
10006,10-Dec-22,8:00,17:00,8.00,
10007,10-Dec-22,8:00,17:00,8.00,
10008,10-Dec-22,8:00,17:00,8.00,
10009,10-Dec-22,8:00,17:00,8.00,
10010,10-Dec-22,8:00,17:00,8.00,
10011,10-Dec-22,8:00,17:00,8.00,
10012,10-Dec-22,8:00,17:00,8.00,
10013,10-Dec-22,8:00,17:00,8.00,
10014,10-Dec-22,8:00,17:00,8.00,
10015,10-Dec-22,8:00,17:00,8.00,
10016,10-Dec-22,8:00,17:00,8.00,
10017,10-Dec-22,8:00,17:00,8.00,
10018,10-Dec-22,8:00,17:00,8.00,
10019,10-Dec-22,8:00,17:00,8.00,
10020,10-Dec-22,8:00,17:00,8.00,
10021,10-Dec-22,8:00,17:00,8.00,
10022,10-Dec-22,8:00,17:00,8.00,
10023,10-Dec-22,8:00,17:00,8.00,
10024,10-Dec-22,8:00,17:00,8.00,
10025,10-Dec-22,8:00,17:00,8.00,
10001,13-Oct-22,8:00,17:00,8.00,
10002,13-Oct-22,8:00,17:00,8.00,
10003,13-Oct-22,8:00,17:00,8.00,
10004,13-Oct-22,8:00,17:00,8.00,
10005,13-Oct-22,8:15,17:00,7.75,
10006,13-Oct-22,8:00,17:00,8.00,
10007,13-Oct-22,8:00,17:00,8.00,
10008,13-Oct-22,8:00,17:00,8.00,
10009,13-Oct-22,8:00,17:00,8.00,
10010,13-Oct-22,8:00,17:00,8.00,
10011,13-Oct-22,10:30,17:00,5.50,
10012,13-Oct-22,8:00,17:00,8.00,
10013,13-Oct-22,8:00,17:00,8.00,
10014,13-Oct-22,8:00,17:00,8.00,
10015,13-Oct-22,8:00,17:00,8.00,
10016,13-Oct-22,8:00,17:00,8.00,
10017,13-Oct-22,8:00,17:00,8.00,
10018,13-Oct-22,8:00,17:00,8.00,
10019,13-Oct-22,8:00,17:00,8.00,
10020,13-Oct-22,8:00,17:00,8.00,
10021,13-Oct-22,13:00,17:00,3.00,
10022,13-Oct-22,8:00,17:00,8.00,
10023,13-Oct-22,8:00,17:00,8.00,
10024,13-Oct-22,8:00,17:00,8.00,
10025,13-Oct-22,8:00,17:00,8.00,
10001,14-Oct-22,8:00,17:00,8.00,
10002,14-Oct-22,8:00,17:00,8.00,
10003,14-Oct-22,11:30,17:00,4.50,
10004,14-Oct-22,8:00,17:00,8.00,
10005,14-Oct-22,8:00,17:00,8.00,
10006,14-Oct-22,8:00,17:00,8.00,
10007,14-Oct-22,8:00,17:00,8.00,
10008,14-Oct-22,8:10,17:00,7.83,
10009,14-Oct-22,8:00,17:00,8.00,
10010,14-Oct-22,8:00,17:00,8.00,
10011,14-Oct-22,8:00,17:00,8.00,
10012,14-Oct-22,8:00,17:00,8.00,
10013,14-Oct-22,8:00,17:00,8.00,
10014,14-Oct-22,8:00,17:00,8.00,
10015,14-Oct-22,8:00,17:00,8.00,
10016,14-Oct-22,8:00,17:00,8.00,
10017,14-Oct-22,8:05,17:00,8.00,
10018,14-Oct-22,8:00,17:00,8.00,
10019,14-Oct-22,8:00,17:00,8.00,
10020,14-Oct-22,8:00,17:00,8.00,
10021,14-Oct-22,8:00,17:00,8.00,
10022,14-Oct-22,8:00,17:00,8.00,
10023,14-Oct-22,9:00,17:00,7.00,
10024,14-Oct-22,8:00,17:00,8.00,
10025,14-Oct-22,8:00,17:00,8.00,
10001,17-Oct-22,8:00,17:00,8.00,
10002,17-Oct-22,8:00,17:00,8.00,
10003,17-Oct-22,8:00,17:00,8.00,
10004,17-Oct-22,8:00,17:00,8.00,
10005,17-Oct-22,8:00,17:00,8.00,
10006,17-Oct-22,8:00,17:00,8.00,
10007,17-Oct-22,8:00,17:00,8.00,
10008,17-Oct-22,8:00,17:00,8.00,
10009,17-Oct-22,8:00,17:00,8.00,
10010,17-Oct-22,8:00,17:00,8.00,
10011,17-Oct-22,8:00,17:00,8.00,
10012,17-Oct-22,8:00,17:00,8.00,
10013,17-Oct-22,8:00,17:00,8.00,
10014,17-Oct-22,8:00,17:00,8.00,
10015,17-Oct-22,8:00,17:00,8.00,
10016,17-Oct-22,8:00,17:00,8.00,
10017,17-Oct-22,8:00,17:00,8.00,
10018,17-Oct-22,8:00,17:00,8.00,
10019,17-Oct-22,8:00,17:00,8.00,
10020,17-Oct-22,8:00,17:00,8.00,
10021,17-Oct-22,8:00,17:00,8.00,
10022,17-Oct-22,8:00,17:00,8.00,
10023,17-Oct-22,8:00,17:00,8.00,
10024,17-Oct-22,8:00,17:00,8.00,
10025,17-Oct-22,8:00,17:00,8.00,
10001,18-Oct-22,8:00,17:00,8.00,
10002,18-Oct-22,8:00,17:00,8.00,
10003,18-Oct-22,8:00,17:00,8.00,
10004,18-Oct-22,8:00,17:00,8.00,
10005,18-Oct-22,8:00,17:00,8.00,
10006,18-Oct-22,8:00,17:00,8.00,
10007,18-Oct-22,8:00,17:00,8.00,
10008,18-Oct-22,8:00,17:00,8.00,
10009,18-Oct-22,8:00,17:00,8.00,
10010,18-Oct-22,8:00,17:00,8.00,
10011,18-Oct-22,8:00,17:00,8.00,
10012,18-Oct-22,8:00,17:00,8.00,
10013,18-Oct-22,10:00,17:00,6.00,
10014,18-Oct-22,10:00,17:00,6.00,
10015,18-Oct-22,10:00,17:00,6.00,
10016,18-Oct-22,0:00,0:00,0.00,
10017,18-Oct-22,10:00,17:00,6.00,
10018,18-Oct-22,10:00,17:00,6.00,
10019,18-Oct-22,10:00,17:00,6.00,
10020,18-Oct-22,10:00,17:00,6.00,
10021,18-Oct-22,10:00,17:00,6.00,
10022,18-Oct-22,10:00,17:00,6.00,
10023,18-Oct-22,10:00,17:00,6.00,
10024,18-Oct-22,10:00,17:00,6.00,
10025,18-Oct-22,10:00,17:00,6.00,
10001,19-Oct-22,8:00,17:00,8.00,
10002,19-Oct-22,8:00,17:00,8.00,
10003,19-Oct-22,8:00,17:00,8.00,
10004,19-Oct-22,8:00,17:00,8.00,
10005,19-Oct-22,8:00,17:00,8.00,
10006,19-Oct-22,8:00,17:00,8.00,
10007,19-Oct-22,8:00,17:00,8.00,
10008,19-Oct-22,8:00,17:00,8.00,
10009,19-Oct-22,8:00,17:00,8.00,
10010,19-Oct-22,8:00,17:00,8.00,
10011,19-Oct-22,8:00,17:00,8.00,
10012,19-Oct-22,8:00,17:00,8.00,
10013,19-Oct-22,8:00,17:00,8.00,
10014,19-Oct-22,8:00,17:00,8.00,
10015,19-Oct-22,8:00,17:00,8.00,
10016,19-Oct-22,8:00,17:00,8.00,
10017,19-Oct-22,8:00,17:00,8.00,
10018,19-Oct-22,8:00,17:00,8.00,
10019,19-Oct-22,8:00,17:00,8.00,
10020,19-Oct-22,8:00,17:00,8.00,
10021,19-Oct-22,8:00,17:00,8.00,
10022,19-Oct-22,8:00,17:00,8.00,
10023,19-Oct-22,8:00,17:00,8.00,
10024,19-Oct-22,8:00,17:00,8.00,
10025,19-Oct-22,8:00,17:00,8.00,
10001,20-Oct-22,8:00,17:00,8.00,
10002,20-Oct-22,8:00,17:00,8.00,
10003,20-Oct-22,8:00,17:00,8.00,
10004,20-Oct-22,8:00,17:00,8.00,
10005,20-Oct-22,8:00,17:00,8.00,
10006,20-Oct-22,8:00,17:00,8.00,
10007,20-Oct-22,8:27,17:00,7.55,
10008,20-Oct-22,8:01,17:00,8.00,
10009,20-Oct-22,8:05,17:00,8.00,
10010,20-Oct-22,8:00,17:00,8.00,
10011,20-Oct-22,8:00,17:00,8.00,
10012,20-Oct-22,8:00,17:00,8.00,
10013,20-Oct-22,8:00,17:00,8.00,
10014,20-Oct-22,8:00,17:00,8.00,
10015,20-Oct-22,8:00,17:00,8.00,
10016,20-Oct-22,8:28,17:00,7.53,
10017,20-Oct-22,8:00,17:00,8.00,
10018,20-Oct-22,8:00,17:00,8.00,
10019,20-Oct-22,8:00,17:00,8.00,
10020,20-Oct-22,8:00,17:00,8.00,
10021,20-Oct-22,8:11,17:00,7.82,
10022,20-Oct-22,8:00,17:00,8.00,
10023,20-Oct-22,8:00,17:00,8.00,
10024,20-Oct-22,8:21,17:00,7.65,
10025,20-Oct-22,8:00,17:00,8.00,
10001,21-Oct-22,8:00,17:00,8.00,
10002,21-Oct-22,8:00,17:00,8.00,
10003,21-Oct-22,8:00,17:00,8.00,
10004,21-Oct-22,8:00,17:00,8.00,
10005,21-Oct-22,8:00,17:00,8.00,
10006,21-Oct-22,8:00,17:00,8.00,
10007,21-Oct-22,8:00,17:00,8.00,
10008,21-Oct-22,8:00,17:00,8.00,
10009,21-Oct-22,8:00,17:00,8.00,
10010,21-Oct-22,0:00,0:00,0.00,
10011,21-Oct-22,8:00,17:00,8.00,
10012,21-Oct-22,8:00,17:00,8.00,
10013,21-Oct-22,8:00,17:00,8.00,
10014,21-Oct-22,8:00,17:00,8.00,
10015,21-Oct-22,8:00,17:00,8.00,
10016,21-Oct-22,8:00,17:00,8.00,
10017,21-Oct-22,8:00,17:00,8.00,
10018,21-Oct-22,8:00,17:00,8.00,
10019,21-Oct-22,8:00,17:00,8.00,
10020,21-Oct-22,8:00,17:00,8.00,
10021,21-Oct-22,8:00,17:00,8.00,
10022,21-Oct-22,8:00,17:00,8.00,
10023,21-Oct-22,8:00,17:00,8.00,
10024,21-Oct-22,8:00,17:00,8.00,
10025,21-Oct-22,8:00,17:00,8.00,
10001,24-Oct-22,8:00,17:00,8.00,
10002,24-Oct-22,8:00,17:00,8.00,
10003,24-Oct-22,8:00,17:00,8.00,
10004,24-Oct-22,8:00,17:00,8.00,
10005,24-Oct-22,8:15,17:00,7.75,
10006,24-Oct-22,8:00,17:00,8.00,
10007,24-Oct-22,8:00,17:00,8.00,
10008,24-Oct-22,8:00,17:00,8.00,
10009,24-Oct-22,8:00,17:00,8.00,
10010,24-Oct-22,8:00,17:00,8.00,
10011,24-Oct-22,10:30,17:00,5.50,
10012,24-Oct-22,8:00,17:00,8.00,
10013,24-Oct-22,8:00,17:00,8.00,
10014,24-Oct-22,8:00,17:00,8.00,
10015,24-Oct-22,8:00,17:00,8.00,
10016,24-Oct-22,8:00,17:00,8.00,
10017,24-Oct-22,8:00,17:00,8.00,
10018,24-Oct-22,8:00,17:00,8.00,
10019,24-Oct-22,8:00,17:00,8.00,
10020,24-Oct-22,8:00,17:00,8.00,
10021,24-Oct-22,13:00,17:00,3.00,
10022,24-Oct-22,8:00,17:00,8.00,
10023,24-Oct-22,8:00,17:00,8.00,
10024,24-Oct-22,8:00,17:00,8.00,
10025,24-Oct-22,8:00,17:00,8.00,
10001,25-Oct-22,8:00,17:00,8.00,
10002,25-Oct-22,8:00,17:00,8.00,
10003,25-Oct-22,11:30,17:00,4.50,
10004,25-Oct-22,8:00,17:00,8.00,
10005,25-Oct-22,8:00,17:00,8.00,
10006,25-Oct-22,8:00,17:00,8.00,
10007,25-Oct-22,8:00,17:00,8.00,
10008,25-Oct-22,8:10,17:00,7.83,
10009,25-Oct-22,8:00,17:00,8.00,
10010,25-Oct-22,8:00,17:00,8.00,
10011,25-Oct-22,8:00,17:00,8.00,
10012,25-Oct-22,8:00,17:00,8.00,
10013,25-Oct-22,8:00,17:00,8.00,
10014,25-Oct-22,8:00,17:00,8.00,
10015,25-Oct-22,8:00,17:00,8.00,
10016,25-Oct-22,8:00,17:00,8.00,
10017,25-Oct-22,8:05,17:00,8.00,
10018,25-Oct-22,8:00,17:00,8.00,
10019,25-Oct-22,8:00,17:00,8.00,
10020,25-Oct-22,8:00,17:00,8.00,
10021,25-Oct-22,8:00,17:00,8.00,
10022,25-Oct-22,8:00,17:00,8.00,
10023,25-Oct-22,9:00,17:00,7.00,
10024,25-Oct-22,8:00,17:00,8.00,
10025,25-Oct-22,8:00,17:00,8.00,
10001,26-Oct-22,8:00,17:00,8.00,
10002,26-Oct-22,8:00,17:00,8.00,
10003,26-Oct-22,8:00,17:00,8.00,
10004,26-Oct-22,8:00,17:00,8.00,
10005,26-Oct-22,8:00,17:00,8.00,
10006,26-Oct-22,8:00,17:00,8.00,
10007,26-Oct-22,8:00,17:00,8.00,
10008,26-Oct-22,8:00,17:00,8.00,
10009,26-Oct-22,8:00,17:00,8.00,
10010,26-Oct-22,8:00,17:00,8.00,
10011,26-Oct-22,8:00,17:00,8.00,
10012,26-Oct-22,8:00,17:00,8.00,
10013,26-Oct-22,8:00,17:00,8.00,
10014,26-Oct-22,8:00,17:00,8.00,
10015,26-Oct-22,8:00,17:00,8.00,
10016,26-Oct-22,8:00,17:00,8.00,
10017,26-Oct-22,8:00,17:00,8.00,
10018,26-Oct-22,8:00,17:00,8.00,
10019,26-Oct-22,8:00,17:00,8.00,
10020,26-Oct-22,8:00,17:00,8.00,
10021,26-Oct-22,8:00,17:00,8.00,
10022,26-Oct-22,8:00,17:00,8.00,
10023,26-Oct-22,8:00,17:00,8.00,
10024,26-Oct-22,8:00,17:00,8.00,
10025,26-Oct-22,8:00,17:00,8.00,
10001,27-Oct-22,8:00,17:00,8.00,
10002,27-Oct-22,8:00,17:00,8.00,
10003,27-Oct-22,8:00,17:00,8.00,
10004,27-Oct-22,8:00,17:00,8.00,
10005,27-Oct-22,8:00,17:00,8.00,
10006,27-Oct-22,8:00,17:00,8.00,
10007,27-Oct-22,8:00,17:00,8.00,
10008,27-Oct-22,8:00,17:00,8.00,
10009,27-Oct-22,8:00,17:00,8.00,
10010,27-Oct-22,8:00,17:00,8.00,
10011,27-Oct-22,8:00,17:00,8.00,
10012,27-Oct-22,8:00,17:00,8.00,
10013,27-Oct-22,10:00,17:00,6.00,
10014,27-Oct-22,10:00,17:00,6.00,
10015,27-Oct-22,10:00,17:00,6.00,
10016,27-Oct-22,10:00,17:00,6.00,
10017,27-Oct-22,10:00,17:00,6.00,
10018,27-Oct-22,0:00,0:00,0.00,
10019,27-Oct-22,10:00,17:00,6.00,
10020,27-Oct-22,10:00,17:00,6.00,
10021,27-Oct-22,10:00,17:00,6.00,
10022,27-Oct-22,10:00,17:00,6.00,
10023,27-Oct-22,10:00,17:00,6.00,
10024,27-Oct-22,10:00,17:00,6.00,
10025,27-Oct-22,10:00,17:00,6.00,
10001,28-Oct-22,8:00,17:00,8.00,
10002,28-Oct-22,8:00,17:00,8.00,
10003,28-Oct-22,8:00,17:00,8.00,
10004,28-Oct-22,8:00,17:00,8.00,
10005,28-Oct-22,8:00,17:00,8.00,
10006,28-Oct-22,8:00,17:00,8.00,
10007,28-Oct-22,8:00,17:00,8.00,
10008,28-Oct-22,8:00,17:00,8.00,
10009,28-Oct-22,8:00,17:00,8.00,
10010,28-Oct-22,8:00,17:00,8.00,
10011,28-Oct-22,8:00,17:00,8.00,
10012,28-Oct-22,8:00,17:00,8.00,
10013,28-Oct-22,8:00,17:00,8.00,
10014,28-Oct-22,8:00,17:00,8.00,
10015,28-Oct-22,8:00,17:00,8.00,
10016,28-Oct-22,8:00,17:00,8.00,
10017,28-Oct-22,8:00,17:00,8.00,
10018,28-Oct-22,8:00,17:00,8.00,
10019,28-Oct-22,8:00,17:00,8.00,
10020,28-Oct-22,8:00,17:00,8.00,
10021,28-Oct-22,8:00,17:00,8.00,
10022,28-Oct-22,8:00,17:00,8.00,
10023,28-Oct-22,8:00,17:00,8.00,
10024,28-Oct-22,8:00,17:00,8.00,
10025,28-Oct-22,8:00,17:00,8.00,
10001,31-Oct-22,8:00,17:00,8.00,
10002,31-Oct-22,8:00,17:00,8.00,
10003,31-Oct-22,8:00,17:00,8.00,
10004,31-Oct-22,8:00,17:00,8.00,
10005,31-Oct-22,8:00,17:00,8.00,
10006,31-Oct-22,8:00,17:00,8.00,
10007,31-Oct-22,8:27,17:00,7.55,
10008,31-Oct-22,8:01,17:00,8.00,
10009,31-Oct-22,8:05,17:00,8.00,
10010,31-Oct-22,8:00,17:00,8.00,
10011,31-Oct-22,8:00,17:00,8.00,
10012,31-Oct-22,8:00,17:00,8.00,
10013,31-Oct-22,8:00,17:00,8.00,
10014,31-Oct-22,8:00,17:00,8.00,
10015,31-Oct-22,8:00,17:00,8.00,
10016,31-Oct-22,8:28,17:00,7.53,
10017,31-Oct-22,8:00,17:00,8.00,
10018,31-Oct-22,8:00,17:00,8.00,
10019,31-Oct-22,8:00,17:00,8.00,
10020,31-Oct-22,8:00,17:00,8.00,
10021,31-Oct-22,8:11,17:00,7.82,
10022,31-Oct-22,8:00,17:00,8.00,
10023,31-Oct-22,8:00,17:00,8.00,
10024,31-Oct-22,8:21,17:00,7.65,
10025,31-Oct-22,8:00,17:00,8.00,
10001,11-Jan-22,0:00,0:00,0.00,
10002,11-Jan-22,0:00,0:00,0.00,
10003,11-Jan-22,0:00,0:00,0.00,
10004,11-Jan-22,0:00,0:00,0.00,
10005,11-Jan-22,0:00,0:00,0.00,
10006,11-Jan-22,0:00,0:00,0.00,
10007,11-Jan-22,0:00,0:00,0.00,
10008,11-Jan-22,0:00,0:00,0.00,
10009,11-Jan-22,0:00,0:00,0.00,
10010,11-Jan-22,0:00,0:00,0.00,
10011,11-Jan-22,0:00,0:00,0.00,
10012,11-Jan-22,0:00,0:00,0.00,
10013,11-Jan-22,0:00,0:00,0.00,
10014,11-Jan-22,0:00,0:00,0.00,
10015,11-Jan-22,0:00,0:00,0.00,
10016,11-Jan-22,0:00,0:00,0.00,
10017,11-Jan-22,0:00,0:00,0.00,
10018,11-Jan-22,0:00,0:00,0.00,
10019,11-Jan-22,0:00,0:00,0.00,
10020,11-Jan-22,0:00,0:00,0.00,
10021,11-Jan-22,0:00,0:00,0.00,
10022,11-Jan-22,0:00,0:00,0.00,
10023,11-Jan-22,0:00,0:00,0.00,
10024,11-Jan-22,0:00,0:00,0.00,
10025,11-Jan-22,0:00,0:00,0.00,
10001,11-Feb-22,8:00,17:00,8.00,
10002,11-Feb-22,8:00,17:00,8.00,
10003,11-Feb-22,8:00,17:00,8.00,
10004,11-Feb-22,8:00,17:00,8.00,
10005,11-Feb-22,8:15,17:00,7.75,
10006,11-Feb-22,8:00,17:00,8.00,
10007,11-Feb-22,8:00,17:00,8.00,
10008,11-Feb-22,8:00,17:00,8.00,
10009,11-Feb-22,8:00,17:00,8.00,
10010,11-Feb-22,8:00,17:00,8.00,
10011,11-Feb-22,10:30,17:00,5.50,
10012,11-Feb-22,8:00,17:00,8.00,
10013,11-Feb-22,8:00,17:00,8.00,
10014,11-Feb-22,8:00,17:00,8.00,
10015,11-Feb-22,8:00,17:00,8.00,
10016,11-Feb-22,8:00,17:00,8.00,
10017,11-Feb-22,8:00,17:00,8.00,
10018,11-Feb-22,8:00,17:00,8.00,
10019,11-Feb-22,8:00,17:00,8.00,
10020,11-Feb-22,8:00,17:00,8.00,
10021,11-Feb-22,13:00,17:00,3.00,
10022,11-Feb-22,8:00,17:00,8.00,
10023,11-Feb-22,8:00,17:00,8.00,
10024,11-Feb-22,8:00,17:00,8.00,
10025,11-Feb-22,8:00,17:00,8.00,
10001,11-Mar-22,8:00,17:00,8.00,
10002,11-Mar-22,8:00,17:00,8.00,
10003,11-Mar-22,11:30,17:00,4.50,
10004,11-Mar-22,8:00,17:00,8.00,
10005,11-Mar-22,8:00,17:00,8.00,
10006,11-Mar-22,8:00,17:00,8.00,
10007,11-Mar-22,8:00,17:00,8.00,
10008,11-Mar-22,8:10,17:00,7.83,
10009,11-Mar-22,8:00,17:00,8.00,
10010,11-Mar-22,8:00,17:00,8.00,
10011,11-Mar-22,8:00,17:00,8.00,
10012,11-Mar-22,8:00,17:00,8.00,
10013,11-Mar-22,8:00,17:00,8.00,
10014,11-Mar-22,8:00,17:00,8.00,
10015,11-Mar-22,8:00,17:00,8.00,
10016,11-Mar-22,8:00,17:00,8.00,
10017,11-Mar-22,8:05,17:00,8.00,
10018,11-Mar-22,8:00,17:00,8.00,
10019,11-Mar-22,8:00,17:00,8.00,
10020,11-Mar-22,8:00,17:00,8.00,
10021,11-Mar-22,8:00,17:00,8.00,
10022,11-Mar-22,8:00,17:00,8.00,
10023,11-Mar-22,9:00,17:00,7.00,
10024,11-Mar-22,8:00,17:00,8.00,
10025,11-Mar-22,8:00,17:00,8.00,
10001,11-Apr-22,8:00,17:00,8.00,
10002,11-Apr-22,8:00,17:00,8.00,
10003,11-Apr-22,8:00,17:00,8.00,
10004,11-Apr-22,8:00,17:00,8.00,
10005,11-Apr-22,8:00,17:00,8.00,
10006,11-Apr-22,8:00,17:00,8.00,
10007,11-Apr-22,8:00,17:00,8.00,
10008,11-Apr-22,8:00,17:00,8.00,
10009,11-Apr-22,8:00,17:00,8.00,
10010,11-Apr-22,8:00,17:00,8.00,
10011,11-Apr-22,8:00,17:00,8.00,
10012,11-Apr-22,8:00,17:00,8.00,
10013,11-Apr-22,8:00,17:00,8.00,
10014,11-Apr-22,8:00,17:00,8.00,
10015,11-Apr-22,8:00,17:00,8.00,
10016,11-Apr-22,8:00,17:00,8.00,
10017,11-Apr-22,8:00,17:00,8.00,
10018,11-Apr-22,8:00,17:00,8.00,
10019,11-Apr-22,8:00,17:00,8.00,
10020,11-Apr-22,8:00,17:00,8.00,
10021,11-Apr-22,8:00,17:00,8.00,
10022,11-Apr-22,8:00,17:00,8.00,
10023,11-Apr-22,0:00,0:00,0.00,
10024,11-Apr-22,8:00,17:00,8.00,
10025,11-Apr-22,8:00,17:00,8.00,
10001,11-Jul-22,8:00,17:00,8.00,
10002,11-Jul-22,8:00,17:00,8.00,
10003,11-Jul-22,8:00,17:00,8.00,
10004,11-Jul-22,8:00,17:00,8.00,
10005,11-Jul-22,8:00,17:00,8.00,
10006,11-Jul-22,8:00,17:00,8.00,
10007,11-Jul-22,8:00,17:00,8.00,
10008,11-Jul-22,8:00,17:00,8.00,
10009,11-Jul-22,8:00,17:00,8.00,
10010,11-Jul-22,8:00,17:00,8.00,
10011,11-Jul-22,8:00,17:00,8.00,
10012,11-Jul-22,8:00,17:00,8.00,
10013,11-Jul-22,10:00,17:00,6.00,
10014,11-Jul-22,10:00,17:00,6.00,
10015,11-Jul-22,10:00,17:00,6.00,
10016,11-Jul-22,10:00,17:00,6.00,
10017,11-Jul-22,10:00,17:00,6.00,
10018,11-Jul-22,10:00,17:00,6.00,
10019,11-Jul-22,10:00,17:00,6.00,
10020,11-Jul-22,10:00,17:00,6.00,
10021,11-Jul-22,10:00,17:00,6.00,
10022,11-Jul-22,10:00,17:00,6.00,
10023,11-Jul-22,10:00,17:00,6.00,
10024,11-Jul-22,10:00,17:00,6.00,
10025,11-Jul-22,10:00,17:00,6.00,
10001,11-Aug-22,8:00,17:00,8.00,
10002,11-Aug-22,8:00,17:00,8.00,
10003,11-Aug-22,8:00,17:00,8.00,
10004,11-Aug-22,8:00,17:00,8.00,
10005,11-Aug-22,8:00,17:00,8.00,
10006,11-Aug-22,8:00,17:00,8.00,
10007,11-Aug-22,8:00,17:00,8.00,
10008,11-Aug-22,8:00,17:00,8.00,
10009,11-Aug-22,8:00,17:00,8.00,
10010,11-Aug-22,8:00,17:00,8.00,
10011,11-Aug-22,8:00,17:00,8.00,
10012,11-Aug-22,8:00,17:00,8.00,
10013,11-Aug-22,8:00,17:00,8.00,
10014,11-Aug-22,8:00,17:00,8.00,
10015,11-Aug-22,8:00,17:00,8.00,
10016,11-Aug-22,8:00,17:00,8.00,
10017,11-Aug-22,8:00,17:00,8.00,
10018,11-Aug-22,8:00,17:00,8.00,
10019,11-Aug-22,8:00,17:00,8.00,
10020,11-Aug-22,8:00,17:00,8.00,
10021,11-Aug-22,8:00,17:00,8.00,
10022,11-Aug-22,8:00,17:00,8.00,
10023,11-Aug-22,8:00,17:00,8.00,
10024,11-Aug-22,8:00,17:00,8.00,
10025,11-Aug-22,8:00,17:00,8.00,
10001,11-Sep-22,8:00,17:00,8.00,
10002,11-Sep-22,8:00,17:00,8.00,
10003,11-Sep-22,8:00,17:00,8.00,
10004,11-Sep-22,8:00,17:00,8.00,
10005,11-Sep-22,8:00,17:00,8.00,
10006,11-Sep-22,8:00,17:00,8.00,
10007,11-Sep-22,8:27,17:00,7.55,
10008,11-Sep-22,8:01,17:00,8.00,
10009,11-Sep-22,8:05,17:00,8.00,
10010,11-Sep-22,8:00,17:00,8.00,
10011,11-Sep-22,8:00,17:00,8.00,
10012,11-Sep-22,8:00,17:00,8.00,
10013,11-Sep-22,8:00,17:00,8.00,
10014,11-Sep-22,8:00,17:00,8.00,
10015,11-Sep-22,8:00,17:00,8.00,
10016,11-Sep-22,8:28,17:00,7.53,
10017,11-Sep-22,8:00,17:00,8.00,
10018,11-Sep-22,8:00,17:00,8.00,
10019,11-Sep-22,8:00,17:00,8.00,
10020,11-Sep-22,8:00,17:00,8.00,
10021,11-Sep-22,8:11,17:00,7.82,
10022,11-Sep-22,8:00,17:00,8.00,
10023,11-Sep-22,8:00,17:00,8.00,
10024,11-Sep-22,8:21,17:00,7.65,
10025,11-Sep-22,8:00,17:00,8.00,
10001,11-Oct-22,8:00,17:00,8.00,
10002,11-Oct-22,8:00,17:00,8.00,
10003,11-Oct-22,8:00,17:00,8.00,
10004,11-Oct-22,8:00,17:00,8.00,
10005,11-Oct-22,8:00,17:00,8.00,
10006,11-Oct-22,8:00,17:00,8.00,
10007,11-Oct-22,8:00,17:00,8.00,
10008,11-Oct-22,8:00,17:00,8.00,
10009,11-Oct-22,8:00,17:00,8.00,
10010,11-Oct-22,8:00,17:00,8.00,
10011,11-Oct-22,8:00,17:00,8.00,
10012,11-Oct-22,8:00,17:00,8.00,
10013,11-Oct-22,8:00,17:00,8.00,
10014,11-Oct-22,8:00,17:00,8.00,
10015,11-Oct-22,8:00,17:00,8.00,
10016,11-Oct-22,8:00,17:00,8.00,
10017,11-Oct-22,8:00,17:00,8.00,
10018,11-Oct-22,8:00,17:00,8.00,
10019,11-Oct-22,8:00,17:00,8.00,
10020,11-Oct-22,8:00,17:00,8.00,
10021,11-Oct-22,8:00,17:00,8.00,
10022,11-Oct-22,8:00,17:00,8.00,
10023,11-Oct-22,8:00,17:00,8.00,
10024,11-Oct-22,8:00,17:00,8.00,
10025,11-Oct-22,8:00,17:00,8.00,
10001,11-Nov-22,8:00,17:00,8.00,
10002,11-Nov-22,8:00,17:00,8.00,
10003,11-Nov-22,8:00,17:00,8.00,
10004,11-Nov-22,8:00,17:00,8.00,
10005,11-Nov-22,8:15,17:00,7.75,
10006,11-Nov-22,8:00,17:00,8.00,
10007,11-Nov-22,8:00,17:00,8.00,
10008,11-Nov-22,8:00,17:00,8.00,
10009,11-Nov-22,8:00,17:00,8.00,
10010,11-Nov-22,8:00,17:00,8.00,
10011,11-Nov-22,10:30,17:00,5.50,
10012,11-Nov-22,8:00,17:00,8.00,
10013,11-Nov-22,8:00,17:00,8.00,
10014,11-Nov-22,8:00,17:00,8.00,
10015,11-Nov-22,8:00,17:00,8.00,
10016,11-Nov-22,8:00,17:00,8.00,
10017,11-Nov-22,8:00,17:00,8.00,
10018,11-Nov-22,8:00,17:00,8.00,
10019,11-Nov-22,8:00,17:00,8.00,
10020,11-Nov-22,8:00,17:00,8.00,
10021,11-Nov-22,13:00,17:00,3.00,
10022,11-Nov-22,8:00,17:00,8.00,
10023,11-Nov-22,8:00,17:00,8.00,
10024,11-Nov-22,8:00,17:00,8.00,
10025,11-Nov-22,8:00,17:00,8.00,
10001,14-Nov-22,8:00,17:00,8.00,
10002,14-Nov-22,8:00,17:00,8.00,
10003,14-Nov-22,11:30,17:00,4.50,
10004,14-Nov-22,8:00,17:00,8.00,
10005,14-Nov-22,8:00,17:00,8.00,
10006,14-Nov-22,8:00,17:00,8.00,
10007,14-Nov-22,8:00,17:00,8.00,
10008,14-Nov-22,8:10,17:00,7.83,
10009,14-Nov-22,8:00,17:00,8.00,
10010,14-Nov-22,8:00,17:00,8.00,
10011,14-Nov-22,8:00,17:00,8.00,
10012,14-Nov-22,8:00,17:00,8.00,
10013,14-Nov-22,8:00,17:00,8.00,
10014,14-Nov-22,8:00,17:00,8.00,
10015,14-Nov-22,8:00,17:00,8.00,
10016,14-Nov-22,8:00,17:00,8.00,
10017,14-Nov-22,8:05,17:00,8.00,
10018,14-Nov-22,8:00,17:00,8.00,
10019,14-Nov-22,8:00,17:00,8.00,
10020,14-Nov-22,8:00,17:00,8.00,
10021,14-Nov-22,8:00,17:00,8.00,
10022,14-Nov-22,8:00,17:00,8.00,
10023,14-Nov-22,9:00,17:00,7.00,
10024,14-Nov-22,8:00,17:00,8.00,
10025,14-Nov-22,8:00,17:00,8.00,
10001,15-Nov-22,8:00,17:00,8.00,
10002,15-Nov-22,8:00,17:00,8.00,
10003,15-Nov-22,8:00,17:00,8.00,
10004,15-Nov-22,8:00,17:00,8.00,
10005,15-Nov-22,8:00,17:00,8.00,
10006,15-Nov-22,8:00,17:00,8.00,
10007,15-Nov-22,8:00,17:00,8.00,
10008,15-Nov-22,8:00,17:00,8.00,
10009,15-Nov-22,8:00,17:00,8.00,
10010,15-Nov-22,8:00,17:00,8.00,
10011,15-Nov-22,8:00,17:00,8.00,
10012,15-Nov-22,8:00,17:00,8.00,
10013,15-Nov-22,8:00,17:00,8.00,
10014,15-Nov-22,8:00,17:00,8.00,
10015,15-Nov-22,8:00,17:00,8.00,
10016,15-Nov-22,8:00,17:00,8.00,
10017,15-Nov-22,8:00,17:00,8.00,
10018,15-Nov-22,8:00,17:00,8.00,
10019,15-Nov-22,8:00,17:00,8.00,
10020,15-Nov-22,8:00,17:00,8.00,
10021,15-Nov-22,8:00,17:00,8.00,
10022,15-Nov-22,8:00,17:00,8.00,
10023,15-Nov-22,8:00,17:00,8.00,
10024,15-Nov-22,8:00,17:00,8.00,
10025,15-Nov-22,8:00,17:00,8.00,
10001,16-Nov-22,8:00,17:00,8.00,
10002,16-Nov-22,8:00,17:00,8.00,
10003,16-Nov-22,8:00,17:00,8.00,
10004,16-Nov-22,8:00,17:00,8.00,
10005,16-Nov-22,8:00,17:00,8.00,
10006,16-Nov-22,8:00,17:00,8.00,
10007,16-Nov-22,8:00,17:00,8.00,
10008,16-Nov-22,8:00,17:00,8.00,
10009,16-Nov-22,8:00,17:00,8.00,
10010,16-Nov-22,8:00,17:00,8.00,
10011,16-Nov-22,8:00,17:00,8.00,
10012,16-Nov-22,8:00,17:00,8.00,
10013,16-Nov-22,10:00,17:00,6.00,
10014,16-Nov-22,10:00,17:00,6.00,
10015,16-Nov-22,10:00,17:00,6.00,
10016,16-Nov-22,10:00,17:00,6.00,
10017,16-Nov-22,10:00,17:00,6.00,
10018,16-Nov-22,10:00,17:00,6.00,
10019,16-Nov-22,10:00,17:00,6.00,
10020,16-Nov-22,10:00,17:00,6.00,
10021,16-Nov-22,10:00,17:00,6.00,
10022,16-Nov-22,10:00,17:00,6.00,
10023,16-Nov-22,10:00,17:00,6.00,
10024,16-Nov-22,10:00,17:00,6.00,
10025,16-Nov-22,10:00,17:00,6.00,
10001,17-Nov-22,8:00,17:00,8.00,
10002,17-Nov-22,8:00,17:00,8.00,
10003,17-Nov-22,8:00,17:00,8.00,
10004,17-Nov-22,8:00,17:00,8.00,
10005,17-Nov-22,8:00,17:00,8.00,
10006,17-Nov-22,8:00,17:00,8.00,
10007,17-Nov-22,8:00,17:00,8.00,
10008,17-Nov-22,8:00,17:00,8.00,
10009,17-Nov-22,8:00,17:00,8.00,
10010,17-Nov-22,8:00,17:00,8.00,
10011,17-Nov-22,8:00,17:00,8.00,
10012,17-Nov-22,8:00,17:00,8.00,
10013,17-Nov-22,8:00,17:00,8.00,
10014,17-Nov-22,8:00,17:00,8.00,
10015,17-Nov-22,8:00,17:00,8.00,
10016,17-Nov-22,8:00,17:00,8.00,
10017,17-Nov-22,8:00,17:00,8.00,
10018,17-Nov-22,8:00,17:00,8.00,
10019,17-Nov-22,8:00,17:00,8.00,
10020,17-Nov-22,8:00,17:00,8.00,
10021,17-Nov-22,8:00,17:00,8.00,
10022,17-Nov-22,8:00,17:00,8.00,
10023,17-Nov-22,8:00,17:00,8.00,
10024,17-Nov-22,8:00,17:00,8.00,
10025,17-Nov-22,8:00,17:00,8.00,
10001,18-Nov-22,8:00,17:00,8.00,
10002,18-Nov-22,8:00,17:00,8.00,
10003,18-Nov-22,8:00,17:00,8.00,
10004,18-Nov-22,8:00,17:00,8.00,
10005,18-Nov-22,8:00,17:00,8.00,
10006,18-Nov-22,8:00,17:00,8.00,
10007,18-Nov-22,8:27,17:00,7.55,
10008,18-Nov-22,8:01,17:00,8.00,
10009,18-Nov-22,8:05,17:00,8.00,
10010,18-Nov-22,8:00,17:00,8.00,
10011,18-Nov-22,8:00,17:00,8.00,
10012,18-Nov-22,8:00,17:00,8.00,
10013,18-Nov-22,8:00,17:00,8.00,
10014,18-Nov-22,8:00,17:00,8.00,
10015,18-Nov-22,8:00,17:00,8.00,
10016,18-Nov-22,8:28,17:00,7.53,
10017,18-Nov-22,8:00,17:00,8.00,
10018,18-Nov-22,8:00,17:00,8.00,
10019,18-Nov-22,8:00,17:00,8.00,
10020,18-Nov-22,8:00,17:00,8.00,
10021,18-Nov-22,8:11,17:00,7.82,
10022,18-Nov-22,8:00,17:00,8.00,
10023,18-Nov-22,8:00,17:00,8.00,
10024,18-Nov-22,8:21,17:00,7.65,
10025,18-Nov-22,8:00,17:00,8.00,
10001,21-Nov-22,8:00,17:00,8.00,
10002,21-Nov-22,8:00,17:00,8.00,
10003,21-Nov-22,8:00,17:00,8.00,
10004,21-Nov-22,8:00,17:00,8.00,
10005,21-Nov-22,8:00,17:00,8.00,
10006,21-Nov-22,8:00,17:00,8.00,
10007,21-Nov-22,8:00,17:00,8.00,
10008,21-Nov-22,8:00,17:00,8.00,
10009,21-Nov-22,8:00,17:00,8.00,
10010,21-Nov-22,8:00,17:00,8.00,
10011,21-Nov-22,8:00,17:00,8.00,
10012,21-Nov-22,8:00,17:00,8.00,
10013,21-Nov-22,8:00,17:00,8.00,
10014,21-Nov-22,8:00,17:00,8.00,
10015,21-Nov-22,8:00,17:00,8.00,
10016,21-Nov-22,8:00,17:00,8.00,
10017,21-Nov-22,8:00,17:00,8.00,
10018,21-Nov-22,8:00,17:00,8.00,
10019,21-Nov-22,8:00,17:00,8.00,
10020,21-Nov-22,8:00,17:00,8.00,
10021,21-Nov-22,8:00,17:00,8.00,
10022,21-Nov-22,8:00,17:00,8.00,
10023,21-Nov-22,8:00,17:00,8.00,
10024,21-Nov-22,8:00,17:00,8.00,
10025,21-Nov-22,8:00,17:00,8.00,
10001,22-Nov-22,8:00,17:00,8.00,
10002,22-Nov-22,8:00,17:00,8.00,
10003,22-Nov-22,8:00,17:00,8.00,
10004,22-Nov-22,8:00,17:00,8.00,
10005,22-Nov-22,8:15,17:00,7.75,
10006,22-Nov-22,8:00,17:00,8.00,
10007,22-Nov-22,8:00,17:00,8.00,
10008,22-Nov-22,8:00,17:00,8.00,
10009,22-Nov-22,8:00,17:00,8.00,
10010,22-Nov-22,8:00,17:00,8.00,
10011,22-Nov-22,10:30,17:00,5.50,
10012,22-Nov-22,8:00,17:00,8.00,
10013,22-Nov-22,8:00,17:00,8.00,
10014,22-Nov-22,8:00,17:00,8.00,
10015,22-Nov-22,8:00,17:00,8.00,
10016,22-Nov-22,8:00,17:00,8.00,
10017,22-Nov-22,8:00,17:00,8.00,
10018,22-Nov-22,8:00,17:00,8.00,
10019,22-Nov-22,8:00,17:00,8.00,
10020,22-Nov-22,8:00,17:00,8.00,
10021,22-Nov-22,13:00,17:00,3.00,
10022,22-Nov-22,8:00,17:00,8.00,
10023,22-Nov-22,8:00,17:00,8.00,
10024,22-Nov-22,8:00,17:00,8.00,
10025,22-Nov-22,8:00,17:00,8.00,
10001,23-Nov-22,8:00,17:00,8.00,
10002,23-Nov-22,8:00,17:00,8.00,
10003,23-Nov-22,11:30,17:00,4.50,
10004,23-Nov-22,8:00,17:00,8.00,
10005,23-Nov-22,8:00,17:00,8.00,
10006,23-Nov-22,8:00,17:00,8.00,
10007,23-Nov-22,8:00,17:00,8.00,
10008,23-Nov-22,8:10,17:00,7.83,
10009,23-Nov-22,8:00,17:00,8.00,
10010,23-Nov-22,8:00,17:00,8.00,
10011,23-Nov-22,8:00,17:00,8.00,
10012,23-Nov-22,8:00,17:00,8.00,
10013,23-Nov-22,8:00,17:00,8.00,
10014,23-Nov-22,8:00,17:00,8.00,
10015,23-Nov-22,8:00,17:00,8.00,
10016,23-Nov-22,8:00,17:00,8.00,
10017,23-Nov-22,8:05,17:00,8.00,
10018,23-Nov-22,8:00,17:00,8.00,
10019,23-Nov-22,8:00,17:00,8.00,
10020,23-Nov-22,8:00,17:00,8.00,
10021,23-Nov-22,8:00,17:00,8.00,
10022,23-Nov-22,8:00,17:00,8.00,
10023,23-Nov-22,9:00,17:00,7.00,
10024,23-Nov-22,8:00,17:00,8.00,
10025,23-Nov-22,8:00,17:00,8.00,
10001,24-Nov-22,8:00,17:00,8.00,
10002,24-Nov-22,8:00,17:00,8.00,
10003,24-Nov-22,8:00,17:00,8.00,
10004,24-Nov-22,8:00,17:00,8.00,
10005,24-Nov-22,8:00,17:00,8.00,
10006,24-Nov-22,8:00,17:00,8.00,
10007,24-Nov-22,8:00,17:00,8.00,
10008,24-Nov-22,8:00,17:00,8.00,
10009,24-Nov-22,8:00,17:00,8.00,
10010,24-Nov-22,8:00,17:00,8.00,
10011,24-Nov-22,8:00,17:00,8.00,
10012,24-Nov-22,8:00,17:00,8.00,
10013,24-Nov-22,8:00,17:00,8.00,
10014,24-Nov-22,8:00,17:00,8.00,
10015,24-Nov-22,8:00,17:00,8.00,
10016,24-Nov-22,8:00,17:00,8.00,
10017,24-Nov-22,8:00,17:00,8.00,
10018,24-Nov-22,8:00,17:00,8.00,
10019,24-Nov-22,8:00,17:00,8.00,
10020,24-Nov-22,8:00,17:00,8.00,
10021,24-Nov-22,8:00,17:00,8.00,
10022,24-Nov-22,8:00,17:00,8.00,
10023,24-Nov-22,8:00,17:00,8.00,
10024,24-Nov-22,8:00,17:00,8.00,
10025,24-Nov-22,8:00,17:00,8.00,
10001,25-Nov-22,8:00,17:00,8.00,
10002,25-Nov-22,8:00,17:00,8.00,
10003,25-Nov-22,8:00,17:00,8.00,
10004,25-Nov-22,8:00,17:00,8.00,
10005,25-Nov-22,8:00,17:00,8.00,
10006,25-Nov-22,8:00,17:00,8.00,
10007,25-Nov-22,8:00,17:00,8.00,
10008,25-Nov-22,8:00,17:00,8.00,
10009,25-Nov-22,8:00,17:00,8.00,
10010,25-Nov-22,8:00,17:00,8.00,
10011,25-Nov-22,8:00,17:00,8.00,
10012,25-Nov-22,8:00,17:00,8.00,
10013,25-Nov-22,10:00,17:00,6.00,
10014,25-Nov-22,10:00,17:00,6.00,
10015,25-Nov-22,10:00,17:00,6.00,
10016,25-Nov-22,10:00,17:00,6.00,
10017,25-Nov-22,10:00,17:00,6.00,
10018,25-Nov-22,10:00,17:00,6.00,
10019,25-Nov-22,10:00,17:00,6.00,
10020,25-Nov-22,10:00,17:00,6.00,
10021,25-Nov-22,10:00,17:00,6.00,
10022,25-Nov-22,10:00,17:00,6.00,
10023,25-Nov-22,10:00,17:00,6.00,
10024,25-Nov-22,10:00,17:00,6.00,
10025,25-Nov-22,10:00,17:00,6.00,
10001,28-Nov-22,8:00,17:00,8.00,
10002,28-Nov-22,8:00,17:00,8.00,
10003,28-Nov-22,8:00,17:00,8.00,
10004,28-Nov-22,8:00,17:00,8.00,
10005,28-Nov-22,8:00,17:00,8.00,
10006,28-Nov-22,8:00,17:00,8.00,
10007,28-Nov-22,8:00,17:00,8.00,
10008,28-Nov-22,8:00,17:00,8.00,
10009,28-Nov-22,8:00,17:00,8.00,
10010,28-Nov-22,8:00,17:00,8.00,
10011,28-Nov-22,8:00,17:00,8.00,
10012,28-Nov-22,8:00,17:00,8.00,
10013,28-Nov-22,8:00,17:00,8.00,
10014,28-Nov-22,8:00,17:00,8.00,
10015,28-Nov-22,8:00,17:00,8.00,
10016,28-Nov-22,8:00,17:00,8.00,
10017,28-Nov-22,8:00,17:00,8.00,
10018,28-Nov-22,8:00,17:00,8.00,
10019,28-Nov-22,8:00,17:00,8.00,
10020,28-Nov-22,8:00,17:00,8.00,
10021,28-Nov-22,8:00,17:00,8.00,
10022,28-Nov-22,8:00,17:00,8.00,
10023,28-Nov-22,8:00,17:00,8.00,
10024,28-Nov-22,8:00,17:00,8.00,
10025,28-Nov-22,8:00,17:00,8.00,
10001,29-Nov-22,8:00,17:00,8.00,
10002,29-Nov-22,8:00,17:00,8.00,
10003,29-Nov-22,8:00,17:00,8.00,
10004,29-Nov-22,8:00,17:00,8.00,
10005,29-Nov-22,8:00,17:00,8.00,
10006,29-Nov-22,8:00,17:00,8.00,
10007,29-Nov-22,8:27,17:00,7.55,
10008,29-Nov-22,8:01,17:00,8.00,
10009,29-Nov-22,8:05,17:00,8.00,
10010,29-Nov-22,8:00,17:00,8.00,
10011,29-Nov-22,8:00,17:00,8.00,
10012,29-Nov-22,8:00,17:00,8.00,
10013,29-Nov-22,8:00,17:00,8.00,
10014,29-Nov-22,8:00,17:00,8.00,
10015,29-Nov-22,8:00,17:00,8.00,
10016,29-Nov-22,8:28,17:00,7.53,
10017,29-Nov-22,8:00,17:00,8.00,
10018,29-Nov-22,8:00,17:00,8.00,
10019,29-Nov-22,8:00,17:00,8.00,
10020,29-Nov-22,8:00,17:00,8.00,
10021,29-Nov-22,8:11,17:00,7.82,
10022,29-Nov-22,8:00,17:00,8.00,
10023,29-Nov-22,8:00,17:00,8.00,
10024,29-Nov-22,8:21,17:00,7.65,
10025,29-Nov-22,8:00,17:00,8.00,
10001,30-Nov-22,0:00,0:00,0.00,
10002,30-Nov-22,0:00,0:00,0.00,
10003,30-Nov-22,0:00,0:00,0.00,
10004,30-Nov-22,0:00,0:00,0.00,
10005,30-Nov-22,0:00,0:00,0.00,
10006,30-Nov-22,0:00,0:00,0.00,
10007,30-Nov-22,0:00,0:00,0.00,
10008,30-Nov-22,0:00,0:00,0.00,
10009,30-Nov-22,0:00,0:00,0.00,
10010,30-Nov-22,0:00,0:00,0.00,
10011,30-Nov-22,0:00,0:00,0.00,
10012,30-Nov-22,0:00,0:00,0.00,
10013,30-Nov-22,0:00,0:00,0.00,
10014,30-Nov-22,0:00,0:00,0.00,
10015,30-Nov-22,0:00,0:00,0.00,
10016,30-Nov-22,0:00,0:00,0.00,
10017,30-Nov-22,0:00,0:00,0.00,
10018,30-Nov-22,0:00,0:00,0.00,
10019,30-Nov-22,0:00,0:00,0.00,
10020,30-Nov-22,0:00,0:00,0.00,
10021,30-Nov-22,0:00,0:00,0.00,
10022,30-Nov-22,0:00,0:00,0.00,
10023,30-Nov-22,0:00,0:00,0.00,
10024,30-Nov-22,0:00,0:00,0.00,
10025,30-Nov-22,0:00,0:00,0.00,
10001,12-Jan-22,8:00,17:00,8.00,
10002,12-Jan-22,8:00,17:00,8.00,
10003,12-Jan-22,8:00,17:00,8.00,
10004,12-Jan-22,8:00,17:00,8.00,
10005,12-Jan-22,8:15,17:00,7.75,
10006,12-Jan-22,8:00,17:00,8.00,
10007,12-Jan-22,8:00,17:00,8.00,
10008,12-Jan-22,8:00,17:00,8.00,
10009,12-Jan-22,8:00,17:00,8.00,
10010,12-Jan-22,8:00,17:00,8.00,
10011,12-Jan-22,10:30,17:00,5.50,
10012,12-Jan-22,8:00,17:00,8.00,
10013,12-Jan-22,8:00,17:00,8.00,
10014,12-Jan-22,8:00,17:00,8.00,
10015,12-Jan-22,8:00,17:00,8.00,
10016,12-Jan-22,8:00,17:00,8.00,
10017,12-Jan-22,8:00,17:00,8.00,
10018,12-Jan-22,8:00,17:00,8.00,
10019,12-Jan-22,8:00,17:00,8.00,
10020,12-Jan-22,8:00,17:00,8.00,
10021,12-Jan-22,13:00,17:00,3.00,
10022,12-Jan-22,8:00,17:00,8.00,
10023,12-Jan-22,8:00,17:00,8.00,
10024,12-Jan-22,8:00,17:00,8.00,
10025,12-Jan-22,8:00,17:00,8.00,
10001,12-Feb-22,8:00,17:00,8.00,
10002,12-Feb-22,8:00,17:00,8.00,
10003,12-Feb-22,11:30,17:00,4.50,
10004,12-Feb-22,8:00,17:00,8.00,
10005,12-Feb-22,8:00,17:00,8.00,
10006,12-Feb-22,8:00,17:00,8.00,
10007,12-Feb-22,8:00,17:00,8.00,
10008,12-Feb-22,8:10,17:00,7.83,
10009,12-Feb-22,8:00,17:00,8.00,
10010,12-Feb-22,8:00,17:00,8.00,
10011,12-Feb-22,8:00,17:00,8.00,
10012,12-Feb-22,8:00,17:00,8.00,
10013,12-Feb-22,8:00,17:00,8.00,
10014,12-Feb-22,8:00,17:00,8.00,
10015,12-Feb-22,8:00,17:00,8.00,
10016,12-Feb-22,8:00,17:00,8.00,
10017,12-Feb-22,8:05,17:00,8.00,
10018,12-Feb-22,8:00,17:00,8.00,
10019,12-Feb-22,8:00,17:00,8.00,
10020,12-Feb-22,8:00,17:00,8.00,
10021,12-Feb-22,8:00,17:00,8.00,
10022,12-Feb-22,8:00,17:00,8.00,
10023,12-Feb-22,9:00,17:00,7.00,
10024,12-Feb-22,8:00,17:00,8.00,
10025,12-Feb-22,8:00,17:00,8.00,
10001,12-May-22,8:00,17:00,8.00,
10002,12-May-22,8:00,17:00,8.00,
10003,12-May-22,8:00,17:00,8.00,
10004,12-May-22,8:00,17:00,8.00,
10005,12-May-22,8:00,17:00,8.00,
10006,12-May-22,8:00,17:00,8.00,
10007,12-May-22,8:00,17:00,8.00,
10008,12-May-22,8:00,17:00,8.00,
10009,12-May-22,8:00,17:00,8.00,
10010,12-May-22,8:00,17:00,8.00,
10011,12-May-22,8:00,17:00,8.00,
10012,12-May-22,8:00,17:00,8.00,
10013,12-May-22,8:00,17:00,8.00,
10014,12-May-22,8:00,17:00,8.00,
10015,12-May-22,8:00,17:00,8.00,
10016,12-May-22,8:00,17:00,8.00,
10017,12-May-22,8:00,17:00,8.00,
10018,12-May-22,8:00,17:00,8.00,
10019,12-May-22,8:00,17:00,8.00,
10020,12-May-22,8:00,17:00,8.00,
10021,12-May-22,8:00,17:00,8.00,
10022,12-May-22,8:00,17:00,8.00,
10023,12-May-22,8:00,17:00,8.00,
10024,12-May-22,8:00,17:00,8.00,
10025,12-May-22,8:00,17:00,8.00,
10001,12-Jun-22,8:00,17:00,8.00,
10002,12-Jun-22,8:00,17:00,8.00,
10003,12-Jun-22,8:00,17:00,8.00,
10004,12-Jun-22,8:00,17:00,8.00,
10005,12-Jun-22,8:00,17:00,8.00,
10006,12-Jun-22,8:00,17:00,8.00,
10007,12-Jun-22,8:00,17:00,8.00,
10008,12-Jun-22,8:00,17:00,8.00,
10009,12-Jun-22,8:00,17:00,8.00,
10010,12-Jun-22,8:00,17:00,8.00,
10011,12-Jun-22,8:00,17:00,8.00,
10012,12-Jun-22,8:00,17:00,8.00,
10013,12-Jun-22,10:00,17:00,6.00,
10014,12-Jun-22,10:00,17:00,6.00,
10015,12-Jun-22,10:00,17:00,6.00,
10016,12-Jun-22,10:00,17:00,6.00,
10017,12-Jun-22,10:00,17:00,6.00,
10018,12-Jun-22,10:00,17:00,6.00,
10019,12-Jun-22,10:00,17:00,6.00,
10020,12-Jun-22,10:00,17:00,6.00,
10021,12-Jun-22,10:00,17:00,6.00,
10022,12-Jun-22,10:00,17:00,6.00,
10023,12-Jun-22,10:00,17:00,6.00,
10024,12-Jun-22,10:00,17:00,6.00,
10025,12-Jun-22,10:00,17:00,6.00,
10001,12-Jul-22,8:00,17:00,8.00,
10002,12-Jul-22,8:00,17:00,8.00,
10003,12-Jul-22,8:00,17:00,8.00,
10004,12-Jul-22,8:00,17:00,8.00,
10005,12-Jul-22,8:00,17:00,8.00,
10006,12-Jul-22,8:00,17:00,8.00,
10007,12-Jul-22,8:00,17:00,8.00,
10008,12-Jul-22,8:00,17:00,8.00,
10009,12-Jul-22,8:00,17:00,8.00,
10010,12-Jul-22,8:00,17:00,8.00,
10011,12-Jul-22,8:00,17:00,8.00,
10012,12-Jul-22,8:00,17:00,8.00,
10013,12-Jul-22,8:00,17:00,8.00,
10014,12-Jul-22,8:00,17:00,8.00,
10015,12-Jul-22,8:00,17:00,8.00,
10016,12-Jul-22,8:00,17:00,8.00,
10017,12-Jul-22,8:00,17:00,8.00,
10018,12-Jul-22,8:00,17:00,8.00,
10019,12-Jul-22,8:00,17:00,8.00,
10020,12-Jul-22,8:00,17:00,8.00,
10021,12-Jul-22,8:00,17:00,8.00,
10022,12-Jul-22,8:00,17:00,8.00,
10023,12-Jul-22,8:00,17:00,8.00,
10024,12-Jul-22,8:00,17:00,8.00,
10025,12-Jul-22,8:00,17:00,8.00,
10001,12-Aug-22,0:00,0:00,0.00,
10002,12-Aug-22,0:00,0:00,0.00,
10003,12-Aug-22,0:00,0:00,0.00,
10004,12-Aug-22,0:00,0:00,0.00,
10005,12-Aug-22,0:00,0:00,0.00,
10006,12-Aug-22,0:00,0:00,0.00,
10007,12-Aug-22,0:00,0:00,0.00,
10008,12-Aug-22,0:00,0:00,0.00,
10009,12-Aug-22,0:00,0:00,0.00,
10010,12-Aug-22,0:00,0:00,0.00,
10011,12-Aug-22,0:00,0:00,0.00,
10012,12-Aug-22,0:00,0:00,0.00,
10013,12-Aug-22,0:00,0:00,0.00,
10014,12-Aug-22,0:00,0:00,0.00,
10015,12-Aug-22,0:00,0:00,0.00,
10016,12-Aug-22,0:00,0:00,0.00,
10017,12-Aug-22,0:00,0:00,0.00,
10018,12-Aug-22,0:00,0:00,0.00,
10019,12-Aug-22,0:00,0:00,0.00,
10020,12-Aug-22,0:00,0:00,0.00,
10021,12-Aug-22,0:00,0:00,0.00,
10022,12-Aug-22,0:00,0:00,0.00,
10023,12-Aug-22,0:00,0:00,0.00,
10024,12-Aug-22,0:00,0:00,0.00,
10025,12-Aug-22,0:00,0:00,0.00,
10001,12-Sep-22,8:00,17:00,8.00,
10002,12-Sep-22,8:00,17:00,8.00,
10003,12-Sep-22,8:00,17:00,8.00,
10004,12-Sep-22,8:00,17:00,8.00,
10005,12-Sep-22,8:00,17:00,8.00,
10006,12-Sep-22,8:00,17:00,8.00,
10007,12-Sep-22,8:00,17:00,8.00,
10008,12-Sep-22,8:00,17:00,8.00,
10009,12-Sep-22,8:00,17:00,8.00,
10010,12-Sep-22,8:00,17:00,8.00,
10011,12-Sep-22,8:00,17:00,8.00,
10012,12-Sep-22,8:00,17:00,8.00,
10013,12-Sep-22,8:00,17:00,8.00,
10014,12-Sep-22,8:00,17:00,8.00,
10015,12-Sep-22,8:00,17:00,8.00,
10016,12-Sep-22,8:00,17:00,8.00,
10017,12-Sep-22,8:00,17:00,8.00,
10018,12-Sep-22,8:00,17:00,8.00,
10019,12-Sep-22,8:00,17:00,8.00,
10020,12-Sep-22,8:00,17:00,8.00,
10021,12-Sep-22,8:00,17:00,8.00,
10022,12-Sep-22,8:00,17:00,8.00,
10023,12-Sep-22,8:00,17:00,8.00,
10024,12-Sep-22,8:00,17:00,8.00,
10025,12-Sep-22,8:00,17:00,8.00,
10001,12-Dec-22,8:00,17:00,8.00,
10002,12-Dec-22,8:00,17:00,8.00,
10003,12-Dec-22,8:00,17:00,8.00,
10004,12-Dec-22,8:00,17:00,8.00,
10005,12-Dec-22,8:15,17:00,7.75,
10006,12-Dec-22,8:00,17:00,8.00,
10007,12-Dec-22,8:00,17:00,8.00,
10008,12-Dec-22,8:00,17:00,8.00,
10009,12-Dec-22,8:00,17:00,8.00,
10010,12-Dec-22,8:00,17:00,8.00,
10011,12-Dec-22,10:30,17:00,5.50,
10012,12-Dec-22,8:00,17:00,8.00,
10013,12-Dec-22,8:00,17:00,8.00,
10014,12-Dec-22,8:00,17:00,8.00,
10015,12-Dec-22,8:00,17:00,8.00,
10016,12-Dec-22,8:00,17:00,8.00,
10017,12-Dec-22,8:00,17:00,8.00,
10018,12-Dec-22,8:00,17:00,8.00,
10019,12-Dec-22,8:00,17:00,8.00,
10020,12-Dec-22,8:00,17:00,8.00,
10021,12-Dec-22,13:00,17:00,3.00,
10022,12-Dec-22,8:00,17:00,8.00,
10023,12-Dec-22,8:00,17:00,8.00,
10024,12-Dec-22,8:00,17:00,8.00,
10025,12-Dec-22,8:00,17:00,8.00,
10001,13-Dec-22,8:00,17:00,8.00,
10002,13-Dec-22,8:00,17:00,8.00,
10003,13-Dec-22,11:30,17:00,4.50,
10004,13-Dec-22,8:00,17:00,8.00,
10005,13-Dec-22,8:00,17:00,8.00,
10006,13-Dec-22,8:00,17:00,8.00,
10007,13-Dec-22,8:00,17:00,8.00,
10008,13-Dec-22,8:10,17:00,7.83,
10009,13-Dec-22,8:00,17:00,8.00,
10010,13-Dec-22,8:00,17:00,8.00,
10011,13-Dec-22,8:00,17:00,8.00,
10012,13-Dec-22,8:00,17:00,8.00,
10013,13-Dec-22,8:00,17:00,8.00,
10014,13-Dec-22,8:00,17:00,8.00,
10015,13-Dec-22,8:00,17:00,8.00,
10016,13-Dec-22,8:00,17:00,8.00,
10017,13-Dec-22,8:05,17:00,8.00,
10018,13-Dec-22,8:00,17:00,8.00,
10019,13-Dec-22,8:00,17:00,8.00,
10020,13-Dec-22,8:00,17:00,8.00,
10021,13-Dec-22,8:00,17:00,8.00,
10022,13-Dec-22,8:00,17:00,8.00,
10023,13-Dec-22,9:00,17:00,7.00,
10024,13-Dec-22,8:00,17:00,8.00,
10025,13-Dec-22,8:00,17:00,8.00,
10001,14-Dec-22,8:00,17:00,8.00,
10002,14-Dec-22,8:00,17:00,8.00,
10003,14-Dec-22,8:00,17:00,8.00,
10004,14-Dec-22,8:00,17:00,8.00,
10005,14-Dec-22,8:00,17:00,8.00,
10006,14-Dec-22,8:00,17:00,8.00,
10007,14-Dec-22,8:00,17:00,8.00,
10008,14-Dec-22,8:00,17:00,8.00,
10009,14-Dec-22,8:00,17:00,8.00,
10010,14-Dec-22,8:00,17:00,8.00,
10011,14-Dec-22,8:00,17:00,8.00,
10012,14-Dec-22,8:00,17:00,8.00,
10013,14-Dec-22,8:00,17:00,8.00,
10014,14-Dec-22,8:00,17:00,8.00,
10015,14-Dec-22,8:00,17:00,8.00,
10016,14-Dec-22,8:00,17:00,8.00,
10017,14-Dec-22,8:00,17:00,8.00,
10018,14-Dec-22,8:00,17:00,8.00,
10019,14-Dec-22,8:00,17:00,8.00,
10020,14-Dec-22,8:00,17:00,8.00,
10021,14-Dec-22,8:00,17:00,8.00,
10022,14-Dec-22,8:00,17:00,8.00,
10023,14-Dec-22,8:00,17:00,8.00,
10024,14-Dec-22,8:00,17:00,8.00,
10025,14-Dec-22,8:00,17:00,8.00,
10001,15-Dec-22,8:00,17:00,8.00,
10002,15-Dec-22,0:00,0:00,0.00,
10003,15-Dec-22,0:00,0:00,0.00,
10004,15-Dec-22,0:00,0:00,0.00,
10005,15-Dec-22,0:00,0:00,0.00,
10006,15-Dec-22,0:00,0:00,0.00,
10007,15-Dec-22,8:00,17:00,8.00,
10008,15-Dec-22,8:00,17:00,8.00,
10009,15-Dec-22,8:00,17:00,8.00,
10010,15-Dec-22,8:00,17:00,8.00,
10011,15-Dec-22,8:00,17:00,8.00,
10012,15-Dec-22,8:00,17:00,8.00,
10013,15-Dec-22,10:00,17:00,6.00,
10014,15-Dec-22,10:00,17:00,6.00,
10015,15-Dec-22,10:00,17:00,6.00,
10016,15-Dec-22,10:00,17:00,6.00,
10017,15-Dec-22,10:00,17:00,6.00,
10018,15-Dec-22,10:00,17:00,6.00,
10019,15-Dec-22,10:00,17:00,6.00,
10020,15-Dec-22,10:00,17:00,6.00,
10021,15-Dec-22,10:00,17:00,6.00,
10022,15-Dec-22,10:00,17:00,6.00,
10023,15-Dec-22,10:00,17:00,6.00,
10024,15-Dec-22,10:00,17:00,6.00,
10025,15-Dec-22,10:00,17:00,6.00,
10001,16-Dec-22,8:00,17:00,8.00,
10002,16-Dec-22,0:00,0:00,0.00,
10003,16-Dec-22,0:00,0:00,0.00,
10004,16-Dec-22,0:00,0:00,0.00,
10005,16-Dec-22,0:00,0:00,0.00,
10006,16-Dec-22,0:00,0:00,0.00,
10007,16-Dec-22,8:00,17:00,8.00,
10008,16-Dec-22,8:00,17:00,8.00,
10009,16-Dec-22,8:00,17:00,8.00,
10010,16-Dec-22,8:00,17:00,8.00,
10011,16-Dec-22,8:00,17:00,8.00,
10012,16-Dec-22,8:00,17:00,8.00,
10013,16-Dec-22,8:00,17:00,8.00,
10014,16-Dec-22,8:00,17:00,8.00,
10015,16-Dec-22,8:00,17:00,8.00,
10016,16-Dec-22,8:00,17:00,8.00,
10017,16-Dec-22,8:00,17:00,8.00,
10018,16-Dec-22,8:00,17:00,8.00,
10019,16-Dec-22,8:00,17:00,8.00,
10020,16-Dec-22,8:00,17:00,8.00,
10021,16-Dec-22,8:00,17:00,8.00,
10022,16-Dec-22,8:00,17:00,8.00,
10023,16-Dec-22,8:00,17:00,8.00,
10024,16-Dec-22,8:00,17:00,8.00,
10025,16-Dec-22,8:00,17:00,8.00,
10001,19-Dec-22,8:00,17:00,8.00,
10002,19-Dec-22,0:00,0:00,0.00,
10003,19-Dec-22,0:00,0:00,0.00,
10004,19-Dec-22,0:00,0:00,0.00,
10005,19-Dec-22,0:00,0:00,0.00,
10006,19-Dec-22,0:00,0:00,0.00,
10007,19-Dec-22,8:27,17:00,7.55,
10008,19-Dec-22,8:01,17:00,8.00,
10009,19-Dec-22,8:05,17:00,8.00,
10010,19-Dec-22,8:00,17:00,8.00,
10011,19-Dec-22,8:00,17:00,8.00,
10012,19-Dec-22,8:00,17:00,8.00,
10013,19-Dec-22,8:00,17:00,8.00,
10014,19-Dec-22,8:00,17:00,8.00,
10015,19-Dec-22,8:00,17:00,8.00,
10016,19-Dec-22,8:28,17:00,7.53,
10017,19-Dec-22,8:00,17:00,8.00,
10018,19-Dec-22,8:00,17:00,8.00,
10019,19-Dec-22,8:00,17:00,8.00,
10020,19-Dec-22,8:00,17:00,8.00,
10021,19-Dec-22,8:11,17:00,7.82,
10022,19-Dec-22,8:00,17:00,8.00,
10023,19-Dec-22,8:00,17:00,8.00,
10024,19-Dec-22,8:21,17:00,7.65,
10025,19-Dec-22,8:00,17:00,8.00,
10001,20-Dec-22,8:00,17:00,8.00,
10002,20-Dec-22,0:00,0:00,0.00,
10003,20-Dec-22,0:00,0:00,0.00,
10004,20-Dec-22,0:00,0:00,0.00,
10005,20-Dec-22,0:00,0:00,0.00,
10006,20-Dec-22,0:00,0:00,0.00,
10007,20-Dec-22,8:00,17:00,8.00,
10008,20-Dec-22,8:00,17:00,8.00,
10009,20-Dec-22,8:00,17:00,8.00,
10010,20-Dec-22,8:00,17:00,8.00,
10011,20-Dec-22,8:00,17:00,8.00,
10012,20-Dec-22,8:00,17:00,8.00,
10013,20-Dec-22,8:00,17:00,8.00,
10014,20-Dec-22,8:00,17:00,8.00,
10015,20-Dec-22,8:00,17:00,8.00,
10016,20-Dec-22,8:00,17:00,8.00,
10017,20-Dec-22,8:00,17:00,8.00,
10018,20-Dec-22,8:00,17:00,8.00,
10019,20-Dec-22,8:00,17:00,8.00,
10020,20-Dec-22,8:00,17:00,8.00,
10021,20-Dec-22,8:00,17:00,8.00,
10022,20-Dec-22,8:00,17:00,8.00,
10023,20-Dec-22,8:00,17:00,8.00,
10024,20-Dec-22,8:00,17:00,8.00,
10025,20-Dec-22,8:00,17:00,8.00,
10001,21-Dec-22,8:00,17:00,8.00,
10002,21-Dec-22,0:00,0:00,0.00,
10003,21-Dec-22,0:00,0:00,0.00,
10004,21-Dec-22,0:00,0:00,0.00,
10005,21-Dec-22,0:00,0:00,0.00,
10006,21-Dec-22,0:00,0:00,0.00,
10007,21-Dec-22,8:00,17:00,8.00,
10008,21-Dec-22,8:00,17:00,8.00,
10009,21-Dec-22,8:00,17:00,8.00,
10010,21-Dec-22,8:00,17:00,8.00,
10011,21-Dec-22,10:30,17:00,5.50,
10012,21-Dec-22,8:00,17:00,8.00,
10013,21-Dec-22,8:00,17:00,8.00,
10014,21-Dec-22,8:00,17:00,8.00,
10015,21-Dec-22,8:00,17:00,8.00,
10016,21-Dec-22,8:00,17:00,8.00,
10017,21-Dec-22,8:00,17:00,8.00,
10018,21-Dec-22,8:00,17:00,8.00,
10019,21-Dec-22,8:00,17:00,8.00,
10020,21-Dec-22,8:00,17:00,8.00,
10021,21-Dec-22,13:00,17:00,3.00,
10022,21-Dec-22,8:00,17:00,8.00,
10023,21-Dec-22,8:00,17:00,8.00,
10024,21-Dec-22,8:00,17:00,8.00,
10025,21-Dec-22,8:00,17:00,8.00,
10001,22-Dec-22,8:00,17:00,8.00,
10002,22-Dec-22,0:00,0:00,0.00,
10003,22-Dec-22,0:00,0:00,0.00,
10004,22-Dec-22,0:00,0:00,0.00,
10005,22-Dec-22,0:00,0:00,0.00,
10006,22-Dec-22,0:00,0:00,0.00,
10007,22-Dec-22,8:00,17:00,8.00,
10008,22-Dec-22,8:10,17:00,7.83,
10009,22-Dec-22,8:00,17:00,8.00,
10010,22-Dec-22,8:00,17:00,8.00,
10011,22-Dec-22,8:00,17:00,8.00,
10012,22-Dec-22,8:00,17:00,8.00,
10013,22-Dec-22,8:00,17:00,8.00,
10014,22-Dec-22,8:00,17:00,8.00,
10015,22-Dec-22,8:00,17:00,8.00,
10016,22-Dec-22,8:00,17:00,8.00,
10017,22-Dec-22,8:05,17:00,8.00,
10018,22-Dec-22,8:00,17:00,8.00,
10019,22-Dec-22,8:00,17:00,8.00,
10020,22-Dec-22,8:00,17:00,8.00,
10021,22-Dec-22,8:00,17:00,8.00,
10022,22-Dec-22,8:00,17:00,8.00,
10023,22-Dec-22,9:00,17:00,7.00,
10024,22-Dec-22,8:00,17:00,8.00,
10025,22-Dec-22,8:00,17:00,8.00,
10001,23-Dec-22,8:00,17:00,8.00,
10002,23-Dec-22,0:00,0:00,0.00,
10003,23-Dec-22,0:00,0:00,0.00,
10004,23-Dec-22,0:00,0:00,0.00,
10005,23-Dec-22,0:00,0:00,0.00,
10006,23-Dec-22,0:00,0:00,0.00,
10007,23-Dec-22,8:00,17:00,8.00,
10008,23-Dec-22,8:00,17:00,8.00,
10009,23-Dec-22,8:00,17:00,8.00,
10010,23-Dec-22,8:00,17:00,8.00,
10011,23-Dec-22,8:00,17:00,8.00,
10012,23-Dec-22,8:00,17:00,8.00,
10013,23-Dec-22,8:00,17:00,8.00,
10014,23-Dec-22,8:00,17:00,8.00,
10015,23-Dec-22,8:00,17:00,8.00,
10016,23-Dec-22,8:00,17:00,8.00,
10017,23-Dec-22,8:00,17:00,8.00,
10018,23-Dec-22,8:00,17:00,8.00,
10019,23-Dec-22,8:00,17:00,8.00,
10020,23-Dec-22,8:00,17:00,8.00,
10021,23-Dec-22,8:00,17:00,8.00,
10022,23-Dec-22,8:00,17:00,8.00,
10023,23-Dec-22,8:00,17:00,8.00,
10024,23-Dec-22,8:00,17:00,8.00,
10025,23-Dec-22,8:00,17:00,8.00,
10001,26-Dec-22,8:00,17:00,8.00,
10002,26-Dec-22,0:00,0:00,0.00,
10003,26-Dec-22,0:00,0:00,0.00,
10004,26-Dec-22,0:00,0:00,0.00,
10005,26-Dec-22,0:00,0:00,0.00,
10006,26-Dec-22,0:00,0:00,0.00,
10007,26-Dec-22,8:00,17:00,8.00,
10008,26-Dec-22,8:00,17:00,8.00,
10009,26-Dec-22,8:00,17:00,8.00,
10010,26-Dec-22,8:00,17:00,8.00,
10011,26-Dec-22,8:00,17:00,8.00,
10012,26-Dec-22,8:00,17:00,8.00,
10013,26-Dec-22,10:00,17:00,6.00,
10014,26-Dec-22,10:00,17:00,6.00,
10015,26-Dec-22,10:00,17:00,6.00,
10016,26-Dec-22,10:00,17:00,6.00,
10017,26-Dec-22,10:00,17:00,6.00,
10018,26-Dec-22,10:00,17:00,6.00,
10019,26-Dec-22,10:00,17:00,6.00,
10020,26-Dec-22,10:00,17:00,6.00,
10021,26-Dec-22,10:00,17:00,6.00,
10022,26-Dec-22,10:00,17:00,6.00,
10023,26-Dec-22,10:00,17:00,6.00,
10024,26-Dec-22,10:00,17:00,6.00,
10025,26-Dec-22,10:00,17:00,6.00,
10001,27-Dec-22,8:00,17:00,8.00,
10002,27-Dec-22,0:00,0:00,0.00,
10003,27-Dec-22,0:00,0:00,0.00,
10004,27-Dec-22,0:00,0:00,0.00,
10005,27-Dec-22,0:00,0:00,0.00,
10006,27-Dec-22,0:00,0:00,0.00,
10007,27-Dec-22,8:00,17:00,8.00,
10008,27-Dec-22,8:00,17:00,8.00,
10009,27-Dec-22,8:00,17:00,8.00,
10010,27-Dec-22,8:00,17:00,8.00,
10011,27-Dec-22,8:00,17:00,8.00,
10012,27-Dec-22,8:00,17:00,8.00,
10013,27-Dec-22,8:00,17:00,8.00,
10014,27-Dec-22,8:00,17:00,8.00,
10015,27-Dec-22,8:00,17:00,8.00,
10016,27-Dec-22,8:00,17:00,8.00,
10017,27-Dec-22,8:00,17:00,8.00,
10018,27-Dec-22,8:00,17:00,8.00,
10019,27-Dec-22,8:00,17:00,8.00,
10020,27-Dec-22,8:00,17:00,8.00,
10021,27-Dec-22,8:00,17:00,8.00,
10022,27-Dec-22,8:00,17:00,8.00,
10023,27-Dec-22,8:00,17:00,8.00,
10024,27-Dec-22,8:00,17:00,8.00,
10025,27-Dec-22,8:00,17:00,8.00,
10001,28-Dec-22,8:00,17:00,8.00,
10002,28-Dec-22,0:00,0:00,0.00,
10003,28-Dec-22,0:00,0:00,0.00,
10004,28-Dec-22,0:00,0:00,0.00,
10005,28-Dec-22,0:00,0:00,0.00,
10006,28-Dec-22,0:00,0:00,0.00,
10007,28-Dec-22,8:27,17:00,7.55,
10008,28-Dec-22,8:01,17:00,8.00,
10009,28-Dec-22,8:05,17:00,8.00,
10010,28-Dec-22,8:00,17:00,8.00,
10011,28-Dec-22,8:00,17:00,8.00,
10012,28-Dec-22,8:00,17:00,8.00,
10013,28-Dec-22,8:00,17:00,8.00,
10014,28-Dec-22,8:00,17:00,8.00,
10015,28-Dec-22,8:00,17:00,8.00,
10016,28-Dec-22,8:28,17:00,7.53,
10017,28-Dec-22,8:00,17:00,8.00,
10018,28-Dec-22,8:00,17:00,8.00,
10019,28-Dec-22,8:00,17:00,8.00,
10020,28-Dec-22,8:00,17:00,8.00,
10021,28-Dec-22,8:11,17:00,7.82,
10022,28-Dec-22,8:00,17:00,8.00,
10023,28-Dec-22,8:00,17:00,8.00,
10024,28-Dec-22,8:21,17:00,7.65,
10025,28-Dec-22,8:00,17:00,8.00,
10001,29-Dec-22,8:00,17:00,8.00,
10002,29-Dec-22,0:00,0:00,0.00,
10003,29-Dec-22,0:00,0:00,0.00,
10004,29-Dec-22,0:00,0:00,0.00,
10005,29-Dec-22,0:00,0:00,0.00,
10006,29-Dec-22,0:00,0:00,0.00,
10007,29-Dec-22,8:00,17:00,8.00,
10008,29-Dec-22,8:00,17:00,8.00,
10009,29-Dec-22,8:00,17:00,8.00,
10010,29-Dec-22,8:00,17:00,8.00,
10011,29-Dec-22,8:00,17:00,8.00,
10012,29-Dec-22,8:00,17:00,8.00,
10013,29-Dec-22,8:00,17:00,8.00,
10014,29-Dec-22,8:00,17:00,8.00,
10015,29-Dec-22,8:00,17:00,8.00,
10016,29-Dec-22,8:00,17:00,8.00,
10017,29-Dec-22,8:00,17:00,8.00,
10018,29-Dec-22,8:00,17:00,8.00,
10019,29-Dec-22,8:00,17:00,8.00,
10020,29-Dec-22,8:00,17:00,8.00,
10021,29-Dec-22,8:00,17:00,8.00,
10022,29-Dec-22,8:00,17:00,8.00,
10023,29-Dec-22,8:00,17:00,8.00,
10024,29-Dec-22,8:00,17:00,8.00,
10025,29-Dec-22,8:00,17:00,8.00,
10001,30-Dec-22,0:00,0:00,0.00,
10002,30-Dec-22,0:00,0:00,0.00,
10003,30-Dec-22,0:00,0:00,0.00,
10004,30-Dec-22,0:00,0:00,0.00,
10005,30-Dec-22,0:00,0:00,0.00,
10006,30-Dec-22,0:00,0:00,0.00,
10007,30-Dec-22,0:00,0:00,0.00,
10008,30-Dec-22,0:00,0:00,0.00,
10009,30-Dec-22,0:00,0:00,0.00,
10010,30-Dec-22,0:00,0:00,0.00,
10011,30-Dec-22,0:00,0:00,0.00,
10012,30-Dec-22,0:00,0:00,0.00,
10013,30-Dec-22,0:00,0:00,0.00,
10014,30-Dec-22,0:00,0:00,0.00,
10015,30-Dec-22,0:00,0:00,0.00,
10016,30-Dec-22,0:00,0:00,0.00,
10017,30-Dec-22,0:00,0:00,0.00,
10018,30-Dec-22,0:00,0:00,0.00,
10019,30-Dec-22,0:00,0:00,0.00,
10020,30-Dec-22,0:00,0:00,0.00,
10021,30-Dec-22,0:00,0:00,0.00,
10022,30-Dec-22,0:00,0:00,0.00,
10023,30-Dec-22,0:00,0:00,0.00,
10024,30-Dec-22,0:00,0:00,0.00,
10025,30-Dec-22,0:00,0:00,0.00,
